algorithm,iteration,params,fitness
PSO,0,"{""num_samples"": 314, ""num_features"": 3, ""kernel_width"": 0.5820078248438914}",0.0471668652628634
PSO,0,"{""num_samples"": 758, ""num_features"": 4, ""kernel_width"": 0.48382013309187577}",0.0752825965256865
PSO,0,"{""num_samples"": 227, ""num_features"": 11, ""kernel_width"": 0.22924447294632153}",-0.06489320968740969
PSO,0,"{""num_samples"": 484, ""num_features"": 3, ""kernel_width"": 0.5932247886343488}",0.08049317501266848
PSO,0,"{""num_samples"": 420, ""num_features"": 8, ""kernel_width"": 0.16643667973790166}",-0.030395665463688232
PSO,0,"{""num_samples"": 470, ""num_features"": 3, ""kernel_width"": 0.5743256613509816}",0.09457786421883593
PSO,0,"{""num_samples"": 765, ""num_features"": 7, ""kernel_width"": 0.6391130317644467}",0.0953364677154731
PSO,0,"{""num_samples"": 271, ""num_features"": 3, ""kernel_width"": 0.5298211570690116}",0.069476111942504
PSO,0,"{""num_samples"": 303, ""num_features"": 9, ""kernel_width"": 0.2806828420215599}",-0.025908219945720973
PSO,0,"{""num_samples"": 414, ""num_features"": 7, ""kernel_width"": 0.5561832037480584}",0.07911552799207042
PSO,0,"{""num_samples"": 746, ""num_features"": 6, ""kernel_width"": 0.20621162094525347}",-0.002503791301657673
PSO,0,"{""num_samples"": 770, ""num_features"": 6, ""kernel_width"": 0.5449992631434185}",0.11414929519409828
PSO,0,"{""num_samples"": 232, ""num_features"": 8, ""kernel_width"": 0.36075711156451384}",-0.002581492047393351
PSO,0,"{""num_samples"": 522, ""num_features"": 6, ""kernel_width"": 0.526035132441672}",0.07571050073124451
PSO,0,"{""num_samples"": 471, ""num_features"": 5, ""kernel_width"": 0.2603078800010893}",0.03839037364729943
PSO,1,"{""num_samples"": 569, ""num_features"": 6, ""kernel_width"": 0.5213105096235211}",0.08562120441230063
PSO,1,"{""num_samples"": 727, ""num_features"": 5, ""kernel_width"": 0.4522225128613995}",0.09520225341027175
PSO,1,"{""num_samples"": 800, ""num_features"": 3, ""kernel_width"": 0.195543941544224}",0.0495258941516573
PSO,1,"{""num_samples"": 752, ""num_features"": 3, ""kernel_width"": 0.5540572831814037}",0.09493135146153284
PSO,1,"{""num_samples"": 649, ""num_features"": 4, ""kernel_width"": 0.4288452391448282}",0.07422443805962078
PSO,1,"{""num_samples"": 800, ""num_features"": 5, ""kernel_width"": 0.5305321197843815}",0.11334739657933522
PSO,1,"{""num_samples"": 779, ""num_features"": 6, ""kernel_width"": 0.6498615971506025}",0.1864502773874065
PSO,1,"{""num_samples"": 304, ""num_features"": 8, ""kernel_width"": 0.5865668610332422}",0.05250297181165388
PSO,1,"{""num_samples"": 800, ""num_features"": 8, ""kernel_width"": 0.28994918518551405}",-0.012028383304565286
PSO,1,"{""num_samples"": 800, ""num_features"": 5, ""kernel_width"": 0.5706335977032493}",0.11298043460040261
PSO,1,"{""num_samples"": 752, ""num_features"": 7, ""kernel_width"": 0.32803282906199954}",0.028455315830390248
PSO,1,"{""num_samples"": 793, ""num_features"": 6, ""kernel_width"": 0.5070659932183931}",0.09787750728096146
PSO,1,"{""num_samples"": 474, ""num_features"": 8, ""kernel_width"": 0.38978219714179974}",0.03282996905784357
PSO,1,"{""num_samples"": 599, ""num_features"": 7, ""kernel_width"": 0.5270447182946003}",0.09228970849651452
PSO,1,"{""num_samples"": 571, ""num_features"": 5, ""kernel_width"": 0.4739979710103984}",0.05783950152673941
PSO,2,"{""num_samples"": 800, ""num_features"": 8, ""kernel_width"": 0.5604996279329136}",0.06857698181882743
PSO,2,"{""num_samples"": 762, ""num_features"": 7, ""kernel_width"": 0.549464730965122}",0.03720553516269856
PSO,2,"{""num_samples"": 800, ""num_features"": 3, ""kernel_width"": 0.45945598589216735}",0.1009984395863911
PSO,2,"{""num_samples"": 800, ""num_features"": 5, ""kernel_width"": 0.6057253378930562}",0.08532071990534118
PSO,2,"{""num_samples"": 800, ""num_features"": 4, ""kernel_width"": 0.75}",0.1080975284107221
PSO,2,"{""num_samples"": 800, ""num_features"": 7, ""kernel_width"": 0.5677106370228046}",0.054722363133144304
PSO,2,"{""num_samples"": 788, ""num_features"": 5, ""kernel_width"": 0.6573855929209117}",0.1399990732044531
PSO,2,"{""num_samples"": 674, ""num_features"": 5, ""kernel_width"": 0.6930048176093339}",0.10744678551781847
PSO,2,"{""num_samples"": 800, ""num_features"": 7, ""kernel_width"": 0.5679087666614776}",0.07883706532078964
PSO,2,"{""num_samples"": 800, ""num_features"": 3, ""kernel_width"": 0.6514640350993508}",0.08481264353993254
PSO,2,"{""num_samples"": 766, ""num_features"": 6, ""kernel_width"": 0.7003077249238414}",0.13462865832872517
PSO,2,"{""num_samples"": 779, ""num_features"": 6, ""kernel_width"": 0.577448375044455}",0.1421154539497413
PSO,2,"{""num_samples"": 752, ""num_features"": 6, ""kernel_width"": 0.5334465203001738}",0.13160603846311786
PSO,2,"{""num_samples"": 673, ""num_features"": 6, ""kernel_width"": 0.5412479080539456}",0.12010455566182396
PSO,2,"{""num_samples"": 724, ""num_features"": 6, ""kernel_width"": 0.7210605953908945}",0.09519194027908069
PSO,3,"{""num_samples"": 800, ""num_features"": 5, ""kernel_width"": 0.6175597381136358}",0.1338552051296532
PSO,3,"{""num_samples"": 800, ""num_features"": 6, ""kernel_width"": 0.50080243986119}",0.09184707828485653
PSO,3,"{""num_samples"": 800, ""num_features"": 3, ""kernel_width"": 0.75}",0.12969189036949633
PSO,3,"{""num_samples"": 800, ""num_features"": 6, ""kernel_width"": 0.6277432924340316}",0.1629123402494183
PSO,3,"{""num_samples"": 800, ""num_features"": 4, ""kernel_width"": 0.75}",0.18053698886874942
PSO,3,"{""num_samples"": 800, ""num_features"": 6, ""kernel_width"": 0.6024683744725046}",0.12324392032992555
PSO,3,"{""num_samples"": 770, ""num_features"": 6, ""kernel_width"": 0.6544068051641491}",0.09928296747727611
PSO,3,"{""num_samples"": 800, ""num_features"": 4, ""kernel_width"": 0.7093376315584281}",0.13519648668193973
PSO,3,"{""num_samples"": 800, ""num_features"": 5, ""kernel_width"": 0.75}",0.15484107908961686
PSO,3,"{""num_samples"": 800, ""num_features"": 8, ""kernel_width"": 0.587735783273131}",0.06766458710759224
PSO,3,"{""num_samples"": 776, ""num_features"": 5, ""kernel_width"": 0.75}",0.10969702579481994
PSO,3,"{""num_samples"": 769, ""num_features"": 6, ""kernel_width"": 0.7214506527689726}",0.13325132170793344
PSO,3,"{""num_samples"": 800, ""num_features"": 4, ""kernel_width"": 0.75}",0.09467860116251503
PSO,3,"{""num_samples"": 728, ""num_features"": 5, ""kernel_width"": 0.7087162296925682}",0.10510595989603612
PSO,3,"{""num_samples"": 800, ""num_features"": 7, ""kernel_width"": 0.75}",0.1118915181449942
PSO,4,"{""num_samples"": 800, ""num_features"": 4, ""kernel_width"": 0.662754220939208}",0.1914044984140827
PSO,4,"{""num_samples"": 761, ""num_features"": 5, ""kernel_width"": 0.5155968537604512}",0.08275115626385154
PSO,4,"{""num_samples"": 800, ""num_features"": 3, ""kernel_width"": 0.75}",0.14877824595220576
PSO,4,"{""num_samples"": 800, ""num_features"": 7, ""kernel_width"": 0.6651935778913601}",0.08124173775911994
PSO,4,"{""num_samples"": 800, ""num_features"": 6, ""kernel_width"": 0.75}",0.1575270208761616
PSO,4,"{""num_samples"": 800, ""num_features"": 5, ""kernel_width"": 0.6936490879552584}",0.1547663640169208
PSO,4,"{""num_samples"": 779, ""num_features"": 7, ""kernel_width"": 0.6485831531957704}",0.09143839837615536
PSO,4,"{""num_samples"": 800, ""num_features"": 5, ""kernel_width"": 0.6813237341669791}",0.1570267812033948
PSO,4,"{""num_samples"": 800, ""num_features"": 5, ""kernel_width"": 0.75}",0.15573539711089684
PSO,4,"{""num_samples"": 800, ""num_features"": 8, ""kernel_width"": 0.5865538191794266}",0.07693777805478078
PSO,4,"{""num_samples"": 780, ""num_features"": 5, ""kernel_width"": 0.7268685875887709}",0.1451649759725533
PSO,4,"{""num_samples"": 769, ""num_features"": 6, ""kernel_width"": 0.6187493579423512}",0.12149857962060619
PSO,4,"{""num_samples"": 800, ""num_features"": 5, ""kernel_width"": 0.6514707411636501}",0.12438324385953092
PSO,4,"{""num_samples"": 745, ""num_features"": 6, ""kernel_width"": 0.75}",0.13399984634436204
PSO,4,"{""num_samples"": 800, ""num_features"": 6, ""kernel_width"": 0.7114028390534393}",0.10977318448153682
PSO,5,"{""num_samples"": 800, ""num_features"": 3, ""kernel_width"": 0.6943903589171084}",0.1360131786515756
PSO,5,"{""num_samples"": 758, ""num_features"": 3, ""kernel_width"": 0.5558885264149037}",0.12389011152284364
PSO,5,"{""num_samples"": 800, ""num_features"": 3, ""kernel_width"": 0.75}",0.0776762892209664
PSO,5,"{""num_samples"": 800, ""num_features"": 4, ""kernel_width"": 0.6827893616084753}",0.1009200591551803
PSO,5,"{""num_samples"": 800, ""num_features"": 6, ""kernel_width"": 0.75}",0.1942840931281285
PSO,5,"{""num_samples"": 800, ""num_features"": 3, ""kernel_width"": 0.7177726540835551}",0.11652810632224865
PSO,5,"{""num_samples"": 797, ""num_features"": 6, ""kernel_width"": 0.6640929134805473}",0.13585047435099581
PSO,5,"{""num_samples"": 800, ""num_features"": 5, ""kernel_width"": 0.6555710616907425}",0.10582124362359152
PSO,5,"{""num_samples"": 800, ""num_features"": 4, ""kernel_width"": 0.75}",0.12046560676617521
PSO,5,"{""num_samples"": 800, ""num_features"": 3, ""kernel_width"": 0.6301192292355651}",0.09745692690890627
PSO,5,"{""num_samples"": 784, ""num_features"": 4, ""kernel_width"": 0.7058406477584175}",0.10187253389833875
PSO,5,"{""num_samples"": 785, ""num_features"": 3, ""kernel_width"": 0.5730091574327066}",0.12437200591853342
PSO,5,"{""num_samples"": 800, ""num_features"": 6, ""kernel_width"": 0.5039271503438508}",0.08029510300946396
PSO,5,"{""num_samples"": 800, ""num_features"": 5, ""kernel_width"": 0.6835547695167107}",0.1549200168280066
PSO,5,"{""num_samples"": 800, ""num_features"": 5, ""kernel_width"": 0.6819891313211525}",0.1325975427658886
PSO,6,"{""num_samples"": 800, ""num_features"": 4, ""kernel_width"": 0.75}",0.15797136400172085
PSO,6,"{""num_samples"": 800, ""num_features"": 3, ""kernel_width"": 0.6749244178805209}",0.13890304116358676
PSO,6,"{""num_samples"": 800, ""num_features"": 6, ""kernel_width"": 0.75}",0.129382700639873
PSO,6,"{""num_samples"": 800, ""num_features"": 7, ""kernel_width"": 0.6577352435924875}",0.06659599216959597
PSO,6,"{""num_samples"": 800, ""num_features"": 6, ""kernel_width"": 0.75}",0.1200796457730865
PSO,6,"{""num_samples"": 800, ""num_features"": 5, ""kernel_width"": 0.7306175483644509}",0.16236551470734834
PSO,6,"{""num_samples"": 790, ""num_features"": 5, ""kernel_width"": 0.6891427902543897}",0.14297465662681907
PSO,6,"{""num_samples"": 800, ""num_features"": 5, ""kernel_width"": 0.7037994675175867}",0.1197041151135932
PSO,6,"{""num_samples"": 800, ""num_features"": 6, ""kernel_width"": 0.75}",0.1582464350294882
PSO,6,"{""num_samples"": 800, ""num_features"": 3, ""kernel_width"": 0.6825333648646803}",0.14209407581014094
PSO,6,"{""num_samples"": 790, ""num_features"": 7, ""kernel_width"": 0.700507528316411}",0.052311468724500806
PSO,6,"{""num_samples"": 789, ""num_features"": 6, ""kernel_width"": 0.7293867972096951}",0.14060668107208762
PSO,6,"{""num_samples"": 762, ""num_features"": 6, ""kernel_width"": 0.6658037709483156}",0.12570342338925908
PSO,6,"{""num_samples"": 800, ""num_features"": 5, ""kernel_width"": 0.7113888862055414}",0.14206036454496765
PSO,6,"{""num_samples"": 800, ""num_features"": 5, ""kernel_width"": 0.6810462735458613}",0.1451887267959983
PSO,7,"{""num_samples"": 800, ""num_features"": 5, ""kernel_width"": 0.75}",0.15696023491590663
PSO,7,"{""num_samples"": 800, ""num_features"": 4, ""kernel_width"": 0.75}",0.1820276565468508
PSO,7,"{""num_samples"": 800, ""num_features"": 8, ""kernel_width"": 0.75}",0.1169769582866203
PSO,7,"{""num_samples"": 800, ""num_features"": 7, ""kernel_width"": 0.7388956568774734}",0.135825911938139
PSO,7,"{""num_samples"": 800, ""num_features"": 6, ""kernel_width"": 0.75}",0.18709874044568395
PSO,7,"{""num_samples"": 800, ""num_features"": 6, ""kernel_width"": 0.7411675872956304}",0.1224718198002489
PSO,7,"{""num_samples"": 791, ""num_features"": 6, ""kernel_width"": 0.75}",0.1283229462470222
PSO,7,"{""num_samples"": 800, ""num_features"": 6, ""kernel_width"": 0.75}",0.17524277880169115
PSO,7,"{""num_samples"": 800, ""num_features"": 7, ""kernel_width"": 0.75}",0.08378617896109491
PSO,7,"{""num_samples"": 800, ""num_features"": 6, ""kernel_width"": 0.7368131826748332}",0.1607738809873066
PSO,7,"{""num_samples"": 793, ""num_features"": 7, ""kernel_width"": 0.7254756962559469}",0.09576969634232323
PSO,7,"{""num_samples"": 793, ""num_features"": 8, ""kernel_width"": 0.6526442538897431}",0.09916825382008017
PSO,7,"{""num_samples"": 764, ""num_features"": 6, ""kernel_width"": 0.75}",0.15536764235297462
PSO,7,"{""num_samples"": 800, ""num_features"": 5, ""kernel_width"": 0.75}",0.15090583953047287
PSO,7,"{""num_samples"": 800, ""num_features"": 6, ""kernel_width"": 0.75}",0.133947846089549
PSO,8,"{""num_samples"": 800, ""num_features"": 6, ""kernel_width"": 0.7009395704427855}",0.20025803781865503
PSO,8,"{""num_samples"": 800, ""num_features"": 7, ""kernel_width"": 0.75}",0.10509305392787507
PSO,8,"{""num_samples"": 800, ""num_features"": 7, ""kernel_width"": 0.75}",0.09552904158403756
PSO,8,"{""num_samples"": 800, ""num_features"": 6, ""kernel_width"": 0.6980616505017236}",0.11509108805052955
PSO,8,"{""num_samples"": 800, ""num_features"": 6, ""kernel_width"": 0.75}",0.15372351801883571
PSO,8,"{""num_samples"": 800, ""num_features"": 5, ""kernel_width"": 0.7458731187867285}",0.1430691750409258
PSO,8,"{""num_samples"": 790, ""num_features"": 7, ""kernel_width"": 0.728940594610709}",0.11769573685498988
PSO,8,"{""num_samples"": 800, ""num_features"": 7, ""kernel_width"": 0.75}",0.060770649362294274
PSO,8,"{""num_samples"": 800, ""num_features"": 7, ""kernel_width"": 0.75}",0.11451727483815041
PSO,8,"{""num_samples"": 800, ""num_features"": 8, ""kernel_width"": 0.75}",0.10119291745585479
PSO,8,"{""num_samples"": 790, ""num_features"": 5, ""kernel_width"": 0.75}",0.14737761387565812
PSO,8,"{""num_samples"": 800, ""num_features"": 6, ""kernel_width"": 0.5814560832133508}",0.1287394859587369
PSO,8,"{""num_samples"": 800, ""num_features"": 6, ""kernel_width"": 0.75}",0.13369787162607305
PSO,8,"{""num_samples"": 800, ""num_features"": 5, ""kernel_width"": 0.7062742910921431}",0.1417760707831236
PSO,8,"{""num_samples"": 800, ""num_features"": 5, ""kernel_width"": 0.75}",0.1489581987865638
PSO,9,"{""num_samples"": 800, ""num_features"": 6, ""kernel_width"": 0.6665972697527354}",0.08370555027732879
PSO,9,"{""num_samples"": 800, ""num_features"": 7, ""kernel_width"": 0.75}",0.12936185782654466
PSO,9,"{""num_samples"": 800, ""num_features"": 5, ""kernel_width"": 0.72010698546627}",0.15892363179315422
PSO,9,"{""num_samples"": 800, ""num_features"": 5, ""kernel_width"": 0.6173916092378804}",0.12794540227049567
PSO,9,"{""num_samples"": 800, ""num_features"": 6, ""kernel_width"": 0.7174625281809743}",0.1863378839834318
PSO,9,"{""num_samples"": 800, ""num_features"": 5, ""kernel_width"": 0.7139908702407788}",0.14009749480095235
PSO,9,"{""num_samples"": 778, ""num_features"": 5, ""kernel_width"": 0.5773642472058419}",0.10114212026236247
PSO,9,"{""num_samples"": 800, ""num_features"": 6, ""kernel_width"": 0.7099344176510275}",0.14353897794707787
PSO,9,"{""num_samples"": 800, ""num_features"": 4, ""kernel_width"": 0.7089684228050267}",0.12500793133440144
PSO,9,"{""num_samples"": 800, ""num_features"": 5, ""kernel_width"": 0.7189419850795398}",0.11180891202709597
PSO,9,"{""num_samples"": 788, ""num_features"": 4, ""kernel_width"": 0.75}",0.14808037066808025
PSO,9,"{""num_samples"": 789, ""num_features"": 4, ""kernel_width"": 0.6872260686791927}",0.13989007868820635
PSO,9,"{""num_samples"": 800, ""num_features"": 6, ""kernel_width"": 0.75}",0.17449235327630422
PSO,9,"{""num_samples"": 800, ""num_features"": 6, ""kernel_width"": 0.6513096684308189}",0.10180798484645014
PSO,9,"{""num_samples"": 800, ""num_features"": 5, ""kernel_width"": 0.75}",0.11022008274911763
PSO,10,"{""num_samples"": 800, ""num_features"": 6, ""kernel_width"": 0.6842386551894453}",0.1485864800333762
PSO,10,"{""num_samples"": 800, ""num_features"": 4, ""kernel_width"": 0.7364241203686172}",0.12781679875227836
PSO,10,"{""num_samples"": 800, ""num_features"": 3, ""kernel_width"": 0.6849004082112207}",0.14278021931943374
PSO,10,"{""num_samples"": 800, ""num_features"": 6, ""kernel_width"": 0.6461754413914267}",0.09524844710501595
PSO,10,"{""num_samples"": 800, ""num_features"": 6, ""kernel_width"": 0.7200315780851992}",0.11330318436551605
PSO,10,"{""num_samples"": 800, ""num_features"": 6, ""kernel_width"": 0.6917905065877267}",0.1095500600384929
PSO,10,"{""num_samples"": 780, ""num_features"": 5, ""kernel_width"": 0.5856188889407739}",0.11586314046337456
PSO,10,"{""num_samples"": 800, ""num_features"": 5, ""kernel_width"": 0.6862050558461655}",0.13382207723081452
PSO,10,"{""num_samples"": 800, ""num_features"": 5, ""kernel_width"": 0.6757383187476116}",0.12479102766272167
PSO,10,"{""num_samples"": 800, ""num_features"": 5, ""kernel_width"": 0.6973507002295877}",0.11526265306215992
PSO,10,"{""num_samples"": 793, ""num_features"": 3, ""kernel_width"": 0.7268496830635207}",0.15590970909777574
PSO,10,"{""num_samples"": 782, ""num_features"": 7, ""kernel_width"": 0.6086591523661575}",0.09393293250012252
PSO,10,"{""num_samples"": 800, ""num_features"": 6, ""kernel_width"": 0.75}",0.15721112033009005
PSO,10,"{""num_samples"": 800, ""num_features"": 5, ""kernel_width"": 0.6429884234338908}",0.1384270061463999
PSO,10,"{""num_samples"": 800, ""num_features"": 5, ""kernel_width"": 0.7452185216265812}",0.14120150956189204
PSO,11,"{""num_samples"": 800, ""num_features"": 6, ""kernel_width"": 0.7256821834450865}",0.12658542706147435
PSO,11,"{""num_samples"": 800, ""num_features"": 3, ""kernel_width"": 0.6845853332271484}",0.14145472964056277
PSO,11,"{""num_samples"": 800, ""num_features"": 7, ""kernel_width"": 0.7078223615241666}",0.1106070130351193
PSO,11,"{""num_samples"": 800, ""num_features"": 7, ""kernel_width"": 0.6709083209874099}",0.09500298716357042
PSO,11,"{""num_samples"": 800, ""num_features"": 6, ""kernel_width"": 0.7335751455119676}",0.15685784732540742
PSO,11,"{""num_samples"": 800, ""num_features"": 6, ""kernel_width"": 0.7100731690197286}",0.16767784204124025
PSO,11,"{""num_samples"": 786, ""num_features"": 7, ""kernel_width"": 0.6485825443202504}",0.08677783612294661
PSO,11,"{""num_samples"": 800, ""num_features"": 6, ""kernel_width"": 0.6875736656121619}",0.15225652411520582
PSO,11,"{""num_samples"": 800, ""num_features"": 6, ""kernel_width"": 0.7494698913389197}",0.1993372626048674
PSO,11,"{""num_samples"": 800, ""num_features"": 6, ""kernel_width"": 0.7173919059635986}",0.13938959184664068
PSO,11,"{""num_samples"": 800, ""num_features"": 3, ""kernel_width"": 0.6739007225338449}",0.14596285378209944
PSO,11,"{""num_samples"": 798, ""num_features"": 7, ""kernel_width"": 0.6656596250284155}",0.10608634527627042
PSO,11,"{""num_samples"": 800, ""num_features"": 6, ""kernel_width"": 0.6833794223265137}",0.10231007591693994
PSO,11,"{""num_samples"": 800, ""num_features"": 5, ""kernel_width"": 0.7089294267374285}",0.1428251387038194
PSO,11,"{""num_samples"": 800, ""num_features"": 6, ""kernel_width"": 0.7049141374287925}",0.15261128230936735
PSO,12,"{""num_samples"": 800, ""num_features"": 6, ""kernel_width"": 0.6994002377160691}",0.1484838102494737
PSO,12,"{""num_samples"": 800, ""num_features"": 4, ""kernel_width"": 0.7030011917808766}",0.19903407523318187
PSO,12,"{""num_samples"": 800, ""num_features"": 7, ""kernel_width"": 0.7171513267694937}",0.08892255223159762
PSO,12,"{""num_samples"": 800, ""num_features"": 7, ""kernel_width"": 0.6769537800093336}",0.11174615225473972
PSO,12,"{""num_samples"": 800, ""num_features"": 6, ""kernel_width"": 0.7287572743161465}",0.1531274416878695
PSO,12,"{""num_samples"": 800, ""num_features"": 6, ""kernel_width"": 0.714645175589942}",0.09961332202699533
PSO,12,"{""num_samples"": 799, ""num_features"": 7, ""kernel_width"": 0.7015863236119265}",0.06470941354727301
PSO,12,"{""num_samples"": 800, ""num_features"": 6, ""kernel_width"": 0.75}",0.15149687638045733
PSO,12,"{""num_samples"": 800, ""num_features"": 6, ""kernel_width"": 0.7334488539805231}",0.17671487107019967
PSO,12,"{""num_samples"": 800, ""num_features"": 7, ""kernel_width"": 0.7320357017820399}",0.09548561975059072
PSO,12,"{""num_samples"": 800, ""num_features"": 4, ""kernel_width"": 0.6737849859828826}",0.11827082218555511
PSO,12,"{""num_samples"": 800, ""num_features"": 6, ""kernel_width"": 0.680036844246934}",0.11868554739967696
PSO,12,"{""num_samples"": 800, ""num_features"": 6, ""kernel_width"": 0.646148475228115}",0.13250477529982557
PSO,12,"{""num_samples"": 800, ""num_features"": 6, ""kernel_width"": 0.7313050758282508}",0.14528748213905357
PSO,12,"{""num_samples"": 800, ""num_features"": 6, ""kernel_width"": 0.6726560348873967}",0.14564764311134687
PSO,13,"{""num_samples"": 800, ""num_features"": 6, ""kernel_width"": 0.6824044659603488}",0.15063474857920373
PSO,13,"{""num_samples"": 800, ""num_features"": 5, ""kernel_width"": 0.7158683885579992}",0.15777951375124188
PSO,13,"{""num_samples"": 800, ""num_features"": 5, ""kernel_width"": 0.7056343066789217}",0.12321419990927414
PSO,13,"{""num_samples"": 800, ""num_features"": 6, ""kernel_width"": 0.71294439475846}",0.15506778180741537
PSO,13,"{""num_samples"": 800, ""num_features"": 6, ""kernel_width"": 0.7338884136299214}",0.17035321920870278
PSO,13,"{""num_samples"": 800, ""num_features"": 6, ""kernel_width"": 0.6932305367118656}",0.1785094138801293
PSO,13,"{""num_samples"": 800, ""num_features"": 5, ""kernel_width"": 0.6976522952489174}",0.11081620810774284
PSO,13,"{""num_samples"": 800, ""num_features"": 6, ""kernel_width"": 0.75}",0.15124736831006985
PSO,13,"{""num_samples"": 800, ""num_features"": 6, ""kernel_width"": 0.7021703333685863}",0.11270433527783431
PSO,13,"{""num_samples"": 800, ""num_features"": 6, ""kernel_width"": 0.7171585385005426}",0.1419613909024478
PSO,13,"{""num_samples"": 800, ""num_features"": 6, ""kernel_width"": 0.75}",0.15499685771340144
PSO,13,"{""num_samples"": 779, ""num_features"": 5, ""kernel_width"": 0.5767740824294717}",0.13326392524626038
PSO,13,"{""num_samples"": 800, ""num_features"": 6, ""kernel_width"": 0.667491329014428}",0.16782865076105316
PSO,13,"{""num_samples"": 800, ""num_features"": 6, ""kernel_width"": 0.683902413367494}",0.15544992536586097
PSO,13,"{""num_samples"": 800, ""num_features"": 6, ""kernel_width"": 0.6959817035161042}",0.12605086093655365
PSO,14,"{""num_samples"": 800, ""num_features"": 6, ""kernel_width"": 0.6975695369383936}",0.1272664330598285
PSO,14,"{""num_samples"": 800, ""num_features"": 6, ""kernel_width"": 0.6998308833177602}",0.11196140432957433
PSO,14,"{""num_samples"": 800, ""num_features"": 4, ""kernel_width"": 0.7039812408382897}",0.16931018124326036
PSO,14,"{""num_samples"": 800, ""num_features"": 5, ""kernel_width"": 0.6798033629918618}",0.13204578067868877
PSO,14,"{""num_samples"": 800, ""num_features"": 6, ""kernel_width"": 0.7062364502715855}",0.16684341100987027
PSO,14,"{""num_samples"": 800, ""num_features"": 6, ""kernel_width"": 0.6820951382681106}",0.12567584186869732
PSO,14,"{""num_samples"": 787, ""num_features"": 6, ""kernel_width"": 0.6467599184875301}",0.11970195646290144
PSO,14,"{""num_samples"": 800, ""num_features"": 6, ""kernel_width"": 0.7300935142167854}",0.1292748534018252
PSO,14,"{""num_samples"": 800, ""num_features"": 6, ""kernel_width"": 0.7164299722744027}",0.11009396926967692
PSO,14,"{""num_samples"": 800, ""num_features"": 5, ""kernel_width"": 0.6900040429739681}",0.13755201126329403
PSO,14,"{""num_samples"": 797, ""num_features"": 7, ""kernel_width"": 0.75}",0.10158368337957101
PSO,14,"{""num_samples"": 791, ""num_features"": 6, ""kernel_width"": 0.6475542022625134}",0.15778192156173532
PSO,14,"{""num_samples"": 800, ""num_features"": 6, ""kernel_width"": 0.75}",0.12917022372640757
PSO,14,"{""num_samples"": 800, ""num_features"": 6, ""kernel_width"": 0.6620723744323558}",0.12133018733785854
PSO,14,"{""num_samples"": 800, ""num_features"": 6, ""kernel_width"": 0.7224696981773272}",0.13967457771544187
PSO,15,"{""num_samples"": 800, ""num_features"": 6, ""kernel_width"": 0.7154952947473917}",0.15742506788144306
PSO,15,"{""num_samples"": 800, ""num_features"": 5, ""kernel_width"": 0.6938218441434649}",0.1292910586279767
PSO,15,"{""num_samples"": 800, ""num_features"": 6, ""kernel_width"": 0.7023560285249346}",0.1602069462575345
PSO,15,"{""num_samples"": 800, ""num_features"": 6, ""kernel_width"": 0.6640044490581708}",0.15958477876438693
PSO,15,"{""num_samples"": 800, ""num_features"": 6, ""kernel_width"": 0.7137169540483428}",0.13780434379939654
PSO,15,"{""num_samples"": 800, ""num_features"": 6, ""kernel_width"": 0.7015095380986335}",0.16150544441861264
PSO,15,"{""num_samples"": 795, ""num_features"": 6, ""kernel_width"": 0.6259998140692913}",0.18345837758232347
PSO,15,"{""num_samples"": 800, ""num_features"": 6, ""kernel_width"": 0.7176083397088209}",0.13061440645026878
PSO,15,"{""num_samples"": 800, ""num_features"": 6, ""kernel_width"": 0.7367126527101461}",0.17138673707611535
PSO,15,"{""num_samples"": 800, ""num_features"": 5, ""kernel_width"": 0.6812350825302377}",0.12126048407705561
PSO,15,"{""num_samples"": 792, ""num_features"": 5, ""kernel_width"": 0.7408891109646809}",0.16332016738532806
PSO,15,"{""num_samples"": 800, ""num_features"": 6, ""kernel_width"": 0.7163642018351839}",0.15149517960085657
PSO,15,"{""num_samples"": 800, ""num_features"": 6, ""kernel_width"": 0.75}",0.17390456928438214
PSO,15,"{""num_samples"": 800, ""num_features"": 6, ""kernel_width"": 0.6992460596443945}",0.07385333956009421
PSO,15,"{""num_samples"": 800, ""num_features"": 6, ""kernel_width"": 0.7082610220471425}",0.16750317080029517
PSO,16,"{""num_samples"": 800, ""num_features"": 6, ""kernel_width"": 0.7151538798175174}",0.16512810534665873
PSO,16,"{""num_samples"": 800, ""num_features"": 4, ""kernel_width"": 0.7059351305392653}",0.11313759349241512
PSO,16,"{""num_samples"": 800, ""num_features"": 5, ""kernel_width"": 0.7018406649956811}",0.16882813653816964
PSO,16,"{""num_samples"": 800, ""num_features"": 6, ""kernel_width"": 0.6292304665620538}",0.13043914341895468
PSO,16,"{""num_samples"": 800, ""num_features"": 6, ""kernel_width"": 0.7448563173086509}",0.16252320814324966
PSO,16,"{""num_samples"": 800, ""num_features"": 6, ""kernel_width"": 0.7051039780390614}",0.09284214300618035
PSO,16,"{""num_samples"": 799, ""num_features"": 6, ""kernel_width"": 0.7029228936900016}",0.1888004107738429
PSO,16,"{""num_samples"": 800, ""num_features"": 6, ""kernel_width"": 0.7351856363038489}",0.15572851433847906
PSO,16,"{""num_samples"": 800, ""num_features"": 6, ""kernel_width"": 0.7395769828808606}",0.16462670441538085
PSO,16,"{""num_samples"": 800, ""num_features"": 6, ""kernel_width"": 0.7339907447855601}",0.11685992131007267
PSO,16,"{""num_samples"": 800, ""num_features"": 4, ""kernel_width"": 0.712740319535962}",0.1559819810036286
PSO,16,"{""num_samples"": 797, ""num_features"": 6, ""kernel_width"": 0.6837433910055994}",0.1315011429017793
PSO,16,"{""num_samples"": 800, ""num_features"": 6, ""kernel_width"": 0.75}",0.1166967317750695
PSO,16,"{""num_samples"": 800, ""num_features"": 6, ""kernel_width"": 0.7091628060643727}",0.149561987550459
PSO,16,"{""num_samples"": 800, ""num_features"": 6, ""kernel_width"": 0.690235636935682}",0.14239177541242093
PSO,17,"{""num_samples"": 800, ""num_features"": 6, ""kernel_width"": 0.6998499342374774}",0.1331481022889747
PSO,17,"{""num_samples"": 800, ""num_features"": 4, ""kernel_width"": 0.707484197510087}",0.15408241077690973
PSO,17,"{""num_samples"": 800, ""num_features"": 3, ""kernel_width"": 0.7025266506293307}",0.12977736389164377
PSO,17,"{""num_samples"": 800, ""num_features"": 6, ""kernel_width"": 0.6944759452949001}",0.1369823885968377
PSO,17,"{""num_samples"": 800, ""num_features"": 6, ""kernel_width"": 0.75}",0.1352134843982276
PSO,17,"{""num_samples"": 800, ""num_features"": 6, ""kernel_width"": 0.6954484297634489}",0.13567463224342116
PSO,17,"{""num_samples"": 800, ""num_features"": 6, ""kernel_width"": 0.75}",0.13382207204342358
PSO,17,"{""num_samples"": 800, ""num_features"": 6, ""kernel_width"": 0.6991783282551696}",0.1534807806612174
PSO,17,"{""num_samples"": 800, ""num_features"": 6, ""kernel_width"": 0.7093893722280135}",0.14510378365303028
PSO,17,"{""num_samples"": 800, ""num_features"": 7, ""kernel_width"": 0.75}",0.0936438330407223
PSO,17,"{""num_samples"": 800, ""num_features"": 4, ""kernel_width"": 0.716861431551494}",0.13506942811229788
PSO,17,"{""num_samples"": 790, ""num_features"": 6, ""kernel_width"": 0.6406440737437131}",0.14800514033391957
PSO,17,"{""num_samples"": 800, ""num_features"": 6, ""kernel_width"": 0.684297410179711}",0.12610089872772215
PSO,17,"{""num_samples"": 800, ""num_features"": 6, ""kernel_width"": 0.6772284245675905}",0.16208957267968577
PSO,17,"{""num_samples"": 800, ""num_features"": 6, ""kernel_width"": 0.7036671306857778}",0.10665750438348709
PSO,18,"{""num_samples"": 800, ""num_features"": 6, ""kernel_width"": 0.6906356983372339}",0.12212207954717824
PSO,18,"{""num_samples"": 800, ""num_features"": 6, ""kernel_width"": 0.7058520759082832}",0.16402369031800149
PSO,18,"{""num_samples"": 800, ""num_features"": 3, ""kernel_width"": 0.7035863634537572}",0.0899641164072186
PSO,18,"{""num_samples"": 800, ""num_features"": 6, ""kernel_width"": 0.7306507715252772}",0.13500044690488022
PSO,18,"{""num_samples"": 800, ""num_features"": 6, ""kernel_width"": 0.75}",0.11634376430835033
PSO,18,"{""num_samples"": 800, ""num_features"": 6, ""kernel_width"": 0.687126206693995}",0.11373532621574967
PSO,18,"{""num_samples"": 800, ""num_features"": 6, ""kernel_width"": 0.712546380505347}",0.1522896666835837
PSO,18,"{""num_samples"": 800, ""num_features"": 6, ""kernel_width"": 0.7150583654125483}",0.14689386064013468
PSO,18,"{""num_samples"": 800, ""num_features"": 6, ""kernel_width"": 0.7330124296967748}",0.18861949248003174
PSO,18,"{""num_samples"": 800, ""num_features"": 5, ""kernel_width"": 0.7056332310868573}",0.14311900553707563
PSO,18,"{""num_samples"": 794, ""num_features"": 6, ""kernel_width"": 0.7135493748473966}",0.1310908876671924
PSO,18,"{""num_samples"": 793, ""num_features"": 6, ""kernel_width"": 0.682264128386462}",0.10771254885174542
PSO,18,"{""num_samples"": 800, ""num_features"": 6, ""kernel_width"": 0.6951629696659016}",0.10783751114761841
PSO,18,"{""num_samples"": 800, ""num_features"": 6, ""kernel_width"": 0.6597482916856438}",0.11672072738746661
PSO,18,"{""num_samples"": 800, ""num_features"": 6, ""kernel_width"": 0.7152796223947038}",0.15625872272702246
PSO,19,"{""num_samples"": 800, ""num_features"": 6, ""kernel_width"": 0.694009565345575}",0.12363631381165269
PSO,19,"{""num_samples"": 800, ""num_features"": 5, ""kernel_width"": 0.6985068430547162}",0.1228354881016932
PSO,19,"{""num_samples"": 800, ""num_features"": 8, ""kernel_width"": 0.7020261199319712}",0.10181917154979941
PSO,19,"{""num_samples"": 800, ""num_features"": 6, ""kernel_width"": 0.6104205162897939}",0.13680893726219273
PSO,19,"{""num_samples"": 800, ""num_features"": 6, ""kernel_width"": 0.6917976384725721}",0.14485711512639343
PSO,19,"{""num_samples"": 800, ""num_features"": 6, ""kernel_width"": 0.6826992914586576}",0.11843329339482225
PSO,19,"{""num_samples"": 800, ""num_features"": 6, ""kernel_width"": 0.659115475529944}",0.11309441100735593
PSO,19,"{""num_samples"": 800, ""num_features"": 6, ""kernel_width"": 0.7301577169601127}",0.11574908102579858
PSO,19,"{""num_samples"": 800, ""num_features"": 6, ""kernel_width"": 0.75}",0.11146955231202774
PSO,19,"{""num_samples"": 800, ""num_features"": 6, ""kernel_width"": 0.7027074673600229}",0.1635958975393869
PSO,19,"{""num_samples"": 791, ""num_features"": 7, ""kernel_width"": 0.7455003227064121}",0.08446457895470241
PSO,19,"{""num_samples"": 796, ""num_features"": 6, ""kernel_width"": 0.7193936688943965}",0.15814106827446445
PSO,19,"{""num_samples"": 800, ""num_features"": 6, ""kernel_width"": 0.7424938078298611}",0.11820841719823748
PSO,19,"{""num_samples"": 800, ""num_features"": 6, ""kernel_width"": 0.6991785128247192}",0.1606194623441357
PSO,19,"{""num_samples"": 800, ""num_features"": 6, ""kernel_width"": 0.7096961616033908}",0.1416873171411062
GWO,0,"{""num_samples"": 461, ""num_features"": 3, ""kernel_width"": 0.5467688102896441}",0.07086747761616859
GWO,0,"{""num_samples"": 328, ""num_features"": 3, ""kernel_width"": 0.6480398708368699}",0.11734977514854479
GWO,0,"{""num_samples"": 623, ""num_features"": 3, ""kernel_width"": 0.7024479424062404}",0.15801910365938127
GWO,0,"{""num_samples"": 556, ""num_features"": 3, ""kernel_width"": 0.29890294326953676}",0.05160130737047065
GWO,0,"{""num_samples"": 619, ""num_features"": 3, ""kernel_width"": 0.1434978695860558}",0.012169762526911682
GWO,0,"{""num_samples"": 504, ""num_features"": 3, ""kernel_width"": 0.5098813445009082}",0.11259427717175943
GWO,0,"{""num_samples"": 356, ""num_features"": 3, ""kernel_width"": 0.4240493988740314}",0.08918698562885874
GWO,0,"{""num_samples"": 200, ""num_features"": 3, ""kernel_width"": 0.6226313170008544}",0.0546264725169322
GWO,0,"{""num_samples"": 204, ""num_features"": 3, ""kernel_width"": 0.6648870043020526}",0.05210099413807372
GWO,0,"{""num_samples"": 470, ""num_features"": 3, ""kernel_width"": 0.3854619727515766}",0.07207968559708292
GWO,0,"{""num_samples"": 573, ""num_features"": 3, ""kernel_width"": 0.5337268047490721}",0.1637849775430125
GWO,0,"{""num_samples"": 200, ""num_features"": 4, ""kernel_width"": 0.75}",0.06091556670354061
GWO,0,"{""num_samples"": 696, ""num_features"": 3, ""kernel_width"": 0.75}",0.2037385134871305
GWO,0,"{""num_samples"": 270, ""num_features"": 7, ""kernel_width"": 0.1}",-0.027400477402575483
GWO,0,"{""num_samples"": 546, ""num_features"": 3, ""kernel_width"": 0.20878064916318217}",0.04231995717003764
GWO,1,"{""num_samples"": 449, ""num_features"": 3, ""kernel_width"": 0.75}",0.1439727667155525
GWO,1,"{""num_samples"": 645, ""num_features"": 4, ""kernel_width"": 0.75}",0.17255433631371844
GWO,1,"{""num_samples"": 766, ""num_features"": 3, ""kernel_width"": 0.75}",0.14901565855472387
GWO,1,"{""num_samples"": 651, ""num_features"": 4, ""kernel_width"": 0.75}",0.0941482399913294
GWO,1,"{""num_samples"": 571, ""num_features"": 3, ""kernel_width"": 0.7204298778669672}",0.16517412374083668
GWO,1,"{""num_samples"": 647, ""num_features"": 3, ""kernel_width"": 0.5179976597630502}",0.0787901353899588
GWO,1,"{""num_samples"": 800, ""num_features"": 3, ""kernel_width"": 0.4450975268635832}",0.1271288615932327
GWO,1,"{""num_samples"": 800, ""num_features"": 3, ""kernel_width"": 0.75}",0.17127493122785623
GWO,1,"{""num_samples"": 800, ""num_features"": 3, ""kernel_width"": 0.75}",0.20995096408073577
GWO,1,"{""num_samples"": 800, ""num_features"": 4, ""kernel_width"": 0.75}",0.14700562515920484
GWO,1,"{""num_samples"": 800, ""num_features"": 3, ""kernel_width"": 0.75}",0.16068715134697834
GWO,1,"{""num_samples"": 227, ""num_features"": 3, ""kernel_width"": 0.75}",0.10987155533597961
GWO,1,"{""num_samples"": 800, ""num_features"": 3, ""kernel_width"": 0.75}",0.11206026569868412
GWO,1,"{""num_samples"": 800, ""num_features"": 4, ""kernel_width"": 0.75}",0.1312877607571362
GWO,1,"{""num_samples"": 611, ""num_features"": 4, ""kernel_width"": 0.75}",0.12685534024713607
GWO,2,"{""num_samples"": 800, ""num_features"": 3, ""kernel_width"": 0.75}",0.12370641478094377
GWO,2,"{""num_samples"": 777, ""num_features"": 3, ""kernel_width"": 0.75}",0.15376038261943745
GWO,2,"{""num_samples"": 478, ""num_features"": 3, ""kernel_width"": 0.75}",0.09985045851204272
GWO,2,"{""num_samples"": 501, ""num_features"": 4, ""kernel_width"": 0.6489558300109121}",0.09167392159981225
GWO,2,"{""num_samples"": 800, ""num_features"": 5, ""kernel_width"": 0.75}",0.16580396522259933
GWO,2,"{""num_samples"": 558, ""num_features"": 3, ""kernel_width"": 0.5537999137185142}",0.058362239204522846
GWO,2,"{""num_samples"": 800, ""num_features"": 3, ""kernel_width"": 0.75}",0.16833862472015315
GWO,2,"{""num_samples"": 657, ""num_features"": 3, ""kernel_width"": 0.75}",0.13721605061823638
GWO,2,"{""num_samples"": 618, ""num_features"": 3, ""kernel_width"": 0.427979045010815}",0.05590779232719126
GWO,2,"{""num_samples"": 532, ""num_features"": 3, ""kernel_width"": 0.75}",0.05943056886976746
GWO,2,"{""num_samples"": 543, ""num_features"": 3, ""kernel_width"": 0.6472125336536839}",0.07426152990635868
GWO,2,"{""num_samples"": 800, ""num_features"": 3, ""kernel_width"": 0.75}",0.1550460359324892
GWO,2,"{""num_samples"": 689, ""num_features"": 4, ""kernel_width"": 0.75}",0.15036711224531585
GWO,2,"{""num_samples"": 800, ""num_features"": 4, ""kernel_width"": 0.5068752142947033}",0.11886594690501108
GWO,2,"{""num_samples"": 634, ""num_features"": 5, ""kernel_width"": 0.518731625377453}",0.08672623961916306
GWO,3,"{""num_samples"": 800, ""num_features"": 3, ""kernel_width"": 0.75}",0.1635954675958285
GWO,3,"{""num_samples"": 618, ""num_features"": 3, ""kernel_width"": 0.6908574425089381}",0.08346683552732938
GWO,3,"{""num_samples"": 800, ""num_features"": 4, ""kernel_width"": 0.75}",0.13684535328678732
GWO,3,"{""num_samples"": 752, ""num_features"": 4, ""kernel_width"": 0.75}",0.17724014342613476
GWO,3,"{""num_samples"": 800, ""num_features"": 4, ""kernel_width"": 0.75}",0.12213837288528306
GWO,3,"{""num_samples"": 767, ""num_features"": 3, ""kernel_width"": 0.75}",0.12832803616871868
GWO,3,"{""num_samples"": 672, ""num_features"": 3, ""kernel_width"": 0.75}",0.13948208859124595
GWO,3,"{""num_samples"": 800, ""num_features"": 3, ""kernel_width"": 0.43601106871363254}",0.09157727735510404
GWO,3,"{""num_samples"": 768, ""num_features"": 3, ""kernel_width"": 0.6284084273613046}",0.132996352066471
GWO,3,"{""num_samples"": 200, ""num_features"": 3, ""kernel_width"": 0.7233817145163989}",0.051050269792038916
GWO,3,"{""num_samples"": 354, ""num_features"": 3, ""kernel_width"": 0.4720233868393062}",0.06259725405034201
GWO,3,"{""num_samples"": 708, ""num_features"": 3, ""kernel_width"": 0.75}",0.1325375573016246
GWO,3,"{""num_samples"": 292, ""num_features"": 3, ""kernel_width"": 0.10184537699276992}",0.023199021369905412
GWO,3,"{""num_samples"": 591, ""num_features"": 3, ""kernel_width"": 0.40831678788203757}",0.11790922778903898
GWO,3,"{""num_samples"": 800, ""num_features"": 3, ""kernel_width"": 0.6613441781971728}",0.15751130305917743
GWO,4,"{""num_samples"": 800, ""num_features"": 4, ""kernel_width"": 0.75}",0.15237255076114126
GWO,4,"{""num_samples"": 800, ""num_features"": 3, ""kernel_width"": 0.6705415604539713}",0.16973735748453544
GWO,4,"{""num_samples"": 800, ""num_features"": 3, ""kernel_width"": 0.541851225684986}",0.09484962857222162
GWO,4,"{""num_samples"": 800, ""num_features"": 4, ""kernel_width"": 0.5733098090714775}",0.14100307547702814
GWO,4,"{""num_samples"": 800, ""num_features"": 3, ""kernel_width"": 0.75}",0.12304166078732563
GWO,4,"{""num_samples"": 607, ""num_features"": 3, ""kernel_width"": 0.6223113761870941}",0.0900382274723951
GWO,4,"{""num_samples"": 800, ""num_features"": 3, ""kernel_width"": 0.75}",0.14782856633559782
GWO,4,"{""num_samples"": 791, ""num_features"": 3, ""kernel_width"": 0.75}",0.12772704210444738
GWO,4,"{""num_samples"": 800, ""num_features"": 4, ""kernel_width"": 0.37613891536133853}",0.11508768783153828
GWO,4,"{""num_samples"": 800, ""num_features"": 3, ""kernel_width"": 0.5923229933225875}",0.12566716092692531
GWO,4,"{""num_samples"": 650, ""num_features"": 3, ""kernel_width"": 0.5122746972594895}",0.08350168675400407
GWO,4,"{""num_samples"": 628, ""num_features"": 5, ""kernel_width"": 0.563435323859551}",0.1270233046623296
GWO,4,"{""num_samples"": 684, ""num_features"": 3, ""kernel_width"": 0.26482098103730856}",0.06581382670286201
GWO,4,"{""num_samples"": 614, ""num_features"": 3, ""kernel_width"": 0.49612992995209604}",0.10642813159385076
GWO,4,"{""num_samples"": 800, ""num_features"": 3, ""kernel_width"": 0.5740860091138527}",0.15358521794951635
GWO,5,"{""num_samples"": 672, ""num_features"": 3, ""kernel_width"": 0.75}",0.1571957727569971
GWO,5,"{""num_samples"": 321, ""num_features"": 3, ""kernel_width"": 0.6030935453112994}",0.08702965179263368
GWO,5,"{""num_samples"": 800, ""num_features"": 3, ""kernel_width"": 0.75}",0.11274956321814124
GWO,5,"{""num_samples"": 800, ""num_features"": 3, ""kernel_width"": 0.75}",0.19451944965885845
GWO,5,"{""num_samples"": 676, ""num_features"": 3, ""kernel_width"": 0.75}",0.12253864421199884
GWO,5,"{""num_samples"": 800, ""num_features"": 4, ""kernel_width"": 0.75}",0.17971172835171062
GWO,5,"{""num_samples"": 742, ""num_features"": 5, ""kernel_width"": 0.75}",0.16563592105108693
GWO,5,"{""num_samples"": 800, ""num_features"": 3, ""kernel_width"": 0.75}",0.1744681927522196
GWO,5,"{""num_samples"": 800, ""num_features"": 3, ""kernel_width"": 0.5055709583589766}",0.16795406705568433
GWO,5,"{""num_samples"": 363, ""num_features"": 3, ""kernel_width"": 0.75}",0.10652271683047543
GWO,5,"{""num_samples"": 664, ""num_features"": 3, ""kernel_width"": 0.75}",0.14089414728232325
GWO,5,"{""num_samples"": 758, ""num_features"": 3, ""kernel_width"": 0.75}",0.13549878471958834
GWO,5,"{""num_samples"": 800, ""num_features"": 3, ""kernel_width"": 0.75}",0.14609798874232582
GWO,5,"{""num_samples"": 800, ""num_features"": 3, ""kernel_width"": 0.75}",0.15313496007802568
GWO,5,"{""num_samples"": 800, ""num_features"": 3, ""kernel_width"": 0.5228736032805911}",0.15732197429813455
GWO,6,"{""num_samples"": 704, ""num_features"": 4, ""kernel_width"": 0.5099938949128365}",0.10005926212097321
GWO,6,"{""num_samples"": 672, ""num_features"": 4, ""kernel_width"": 0.7353891433570174}",0.11538199478857453
GWO,6,"{""num_samples"": 800, ""num_features"": 3, ""kernel_width"": 0.75}",0.13939240068113556
GWO,6,"{""num_samples"": 673, ""num_features"": 3, ""kernel_width"": 0.75}",0.1233127256407464
GWO,6,"{""num_samples"": 698, ""num_features"": 3, ""kernel_width"": 0.75}",0.21465637203822915
GWO,6,"{""num_samples"": 292, ""num_features"": 3, ""kernel_width"": 0.6128261428547305}",0.09413982106633201
GWO,6,"{""num_samples"": 669, ""num_features"": 3, ""kernel_width"": 0.5110288471302649}",0.11688402944243032
GWO,6,"{""num_samples"": 777, ""num_features"": 3, ""kernel_width"": 0.75}",0.19178538982287663
GWO,6,"{""num_samples"": 684, ""num_features"": 3, ""kernel_width"": 0.75}",0.13155492047281384
GWO,6,"{""num_samples"": 261, ""num_features"": 3, ""kernel_width"": 0.367296075633615}",0.05177980279814743
GWO,6,"{""num_samples"": 800, ""num_features"": 3, ""kernel_width"": 0.75}",0.10101406619090864
GWO,6,"{""num_samples"": 656, ""num_features"": 3, ""kernel_width"": 0.75}",0.18269123108205515
GWO,6,"{""num_samples"": 800, ""num_features"": 3, ""kernel_width"": 0.36309015653168064}",0.08326303835858138
GWO,6,"{""num_samples"": 800, ""num_features"": 3, ""kernel_width"": 0.6378252682844131}",0.11045651849796863
GWO,6,"{""num_samples"": 603, ""num_features"": 3, ""kernel_width"": 0.75}",0.15111505829024224
GWO,7,"{""num_samples"": 800, ""num_features"": 3, ""kernel_width"": 0.75}",0.1800817848245507
GWO,7,"{""num_samples"": 587, ""num_features"": 3, ""kernel_width"": 0.75}",0.14760314322823007
GWO,7,"{""num_samples"": 438, ""num_features"": 3, ""kernel_width"": 0.75}",0.13156468057929982
GWO,7,"{""num_samples"": 800, ""num_features"": 3, ""kernel_width"": 0.7253430372631592}",0.13049992664109636
GWO,7,"{""num_samples"": 601, ""num_features"": 3, ""kernel_width"": 0.6996235071490139}",0.09869809687524206
GWO,7,"{""num_samples"": 800, ""num_features"": 3, ""kernel_width"": 0.579205844461866}",0.105310736794611
GWO,7,"{""num_samples"": 800, ""num_features"": 3, ""kernel_width"": 0.75}",0.17367803916473099
GWO,7,"{""num_samples"": 609, ""num_features"": 3, ""kernel_width"": 0.75}",0.1479929399285903
GWO,7,"{""num_samples"": 714, ""num_features"": 3, ""kernel_width"": 0.7418541870109383}",0.18946691281050507
GWO,7,"{""num_samples"": 478, ""num_features"": 3, ""kernel_width"": 0.75}",0.12049057020526215
GWO,7,"{""num_samples"": 800, ""num_features"": 3, ""kernel_width"": 0.6808087625304312}",0.0900460297026849
GWO,7,"{""num_samples"": 580, ""num_features"": 3, ""kernel_width"": 0.75}",0.11354977529210811
GWO,7,"{""num_samples"": 682, ""num_features"": 3, ""kernel_width"": 0.5516685690133062}",0.12227116213910992
GWO,7,"{""num_samples"": 735, ""num_features"": 3, ""kernel_width"": 0.6840114259246061}",0.13124398347403005
GWO,7,"{""num_samples"": 800, ""num_features"": 4, ""kernel_width"": 0.75}",0.14653942001562464
GWO,8,"{""num_samples"": 649, ""num_features"": 3, ""kernel_width"": 0.75}",0.14405266131062444
GWO,8,"{""num_samples"": 619, ""num_features"": 3, ""kernel_width"": 0.6987499587777828}",0.11006524965026766
GWO,8,"{""num_samples"": 800, ""num_features"": 3, ""kernel_width"": 0.5927874638925946}",0.17803703231696488
GWO,8,"{""num_samples"": 568, ""num_features"": 3, ""kernel_width"": 0.75}",0.17103505164418564
GWO,8,"{""num_samples"": 697, ""num_features"": 3, ""kernel_width"": 0.7282960001141733}",0.14094071172852712
GWO,8,"{""num_samples"": 800, ""num_features"": 3, ""kernel_width"": 0.3907601635192939}",0.07121294295485982
GWO,8,"{""num_samples"": 579, ""num_features"": 3, ""kernel_width"": 0.75}",0.15708090390021945
GWO,8,"{""num_samples"": 800, ""num_features"": 3, ""kernel_width"": 0.75}",0.09276837206090738
GWO,8,"{""num_samples"": 800, ""num_features"": 3, ""kernel_width"": 0.663877386260771}",0.1081809938045593
GWO,8,"{""num_samples"": 711, ""num_features"": 3, ""kernel_width"": 0.75}",0.08698665482986541
GWO,8,"{""num_samples"": 597, ""num_features"": 3, ""kernel_width"": 0.75}",0.11137849874348081
GWO,8,"{""num_samples"": 649, ""num_features"": 3, ""kernel_width"": 0.6744973732733993}",0.15303144875068908
GWO,8,"{""num_samples"": 660, ""num_features"": 4, ""kernel_width"": 0.75}",0.13696170414706665
GWO,8,"{""num_samples"": 638, ""num_features"": 3, ""kernel_width"": 0.5687035107016831}",0.1630918276183883
GWO,8,"{""num_samples"": 713, ""num_features"": 3, ""kernel_width"": 0.75}",0.14529138419818557
GWO,9,"{""num_samples"": 800, ""num_features"": 3, ""kernel_width"": 0.75}",0.14864450758764652
GWO,9,"{""num_samples"": 641, ""num_features"": 3, ""kernel_width"": 0.6543017285886163}",0.12876687858558836
GWO,9,"{""num_samples"": 800, ""num_features"": 3, ""kernel_width"": 0.75}",0.09649278593995304
GWO,9,"{""num_samples"": 634, ""num_features"": 3, ""kernel_width"": 0.75}",0.17133404084763185
GWO,9,"{""num_samples"": 708, ""num_features"": 3, ""kernel_width"": 0.5397684627266545}",0.13161656315195192
GWO,9,"{""num_samples"": 800, ""num_features"": 4, ""kernel_width"": 0.75}",0.14884613624565743
GWO,9,"{""num_samples"": 388, ""num_features"": 3, ""kernel_width"": 0.75}",0.14868075288779833
GWO,9,"{""num_samples"": 633, ""num_features"": 3, ""kernel_width"": 0.75}",0.12775496158212124
GWO,9,"{""num_samples"": 800, ""num_features"": 3, ""kernel_width"": 0.75}",0.10389164676124105
GWO,9,"{""num_samples"": 800, ""num_features"": 3, ""kernel_width"": 0.7301473901134896}",0.14339037205197558
GWO,9,"{""num_samples"": 799, ""num_features"": 3, ""kernel_width"": 0.75}",0.2048757644834921
GWO,9,"{""num_samples"": 602, ""num_features"": 3, ""kernel_width"": 0.6266932224093695}",0.1466502515670312
GWO,9,"{""num_samples"": 800, ""num_features"": 3, ""kernel_width"": 0.75}",0.16806314049104298
GWO,9,"{""num_samples"": 690, ""num_features"": 3, ""kernel_width"": 0.75}",0.14583945745275156
GWO,9,"{""num_samples"": 666, ""num_features"": 3, ""kernel_width"": 0.6330556459682134}",0.18073016137746686
GWO,10,"{""num_samples"": 676, ""num_features"": 3, ""kernel_width"": 0.629258425837146}",0.10105709644529132
GWO,10,"{""num_samples"": 792, ""num_features"": 3, ""kernel_width"": 0.75}",0.15614081820666365
GWO,10,"{""num_samples"": 800, ""num_features"": 3, ""kernel_width"": 0.7272979758300435}",0.15014783931433323
GWO,10,"{""num_samples"": 800, ""num_features"": 3, ""kernel_width"": 0.75}",0.17131317238631033
GWO,10,"{""num_samples"": 592, ""num_features"": 3, ""kernel_width"": 0.75}",0.10221770479072606
GWO,10,"{""num_samples"": 695, ""num_features"": 3, ""kernel_width"": 0.6836514435071311}",0.13291127153420232
GWO,10,"{""num_samples"": 522, ""num_features"": 3, ""kernel_width"": 0.75}",0.12767078231064352
GWO,10,"{""num_samples"": 630, ""num_features"": 3, ""kernel_width"": 0.5790534998186646}",0.08430049513406339
GWO,10,"{""num_samples"": 789, ""num_features"": 3, ""kernel_width"": 0.6545741410556492}",0.13882858935103604
GWO,10,"{""num_samples"": 796, ""num_features"": 3, ""kernel_width"": 0.41127226663741184}",0.09419452578342333
GWO,10,"{""num_samples"": 718, ""num_features"": 3, ""kernel_width"": 0.6968771979499065}",0.14445419927746034
GWO,10,"{""num_samples"": 800, ""num_features"": 3, ""kernel_width"": 0.75}",0.11547749585510522
GWO,10,"{""num_samples"": 554, ""num_features"": 3, ""kernel_width"": 0.75}",0.11882881244711405
GWO,10,"{""num_samples"": 588, ""num_features"": 3, ""kernel_width"": 0.7147347010313917}",0.08856865392606578
GWO,10,"{""num_samples"": 800, ""num_features"": 3, ""kernel_width"": 0.48122917700142676}",0.09539539103741171
GWO,11,"{""num_samples"": 774, ""num_features"": 3, ""kernel_width"": 0.75}",0.12612198092817462
GWO,11,"{""num_samples"": 733, ""num_features"": 3, ""kernel_width"": 0.75}",0.12084775386569557
GWO,11,"{""num_samples"": 800, ""num_features"": 3, ""kernel_width"": 0.75}",0.1276885472822601
GWO,11,"{""num_samples"": 674, ""num_features"": 3, ""kernel_width"": 0.75}",0.1606071151491156
GWO,11,"{""num_samples"": 720, ""num_features"": 3, ""kernel_width"": 0.75}",0.13764619472732784
GWO,11,"{""num_samples"": 683, ""num_features"": 3, ""kernel_width"": 0.75}",0.1441153561155452
GWO,11,"{""num_samples"": 800, ""num_features"": 3, ""kernel_width"": 0.6265918828007049}",0.11788234730835218
GWO,11,"{""num_samples"": 723, ""num_features"": 3, ""kernel_width"": 0.75}",0.18888925042600754
GWO,11,"{""num_samples"": 634, ""num_features"": 3, ""kernel_width"": 0.75}",0.12387685643805911
GWO,11,"{""num_samples"": 800, ""num_features"": 3, ""kernel_width"": 0.6447972686303811}",0.1443594576349668
GWO,11,"{""num_samples"": 800, ""num_features"": 3, ""kernel_width"": 0.75}",0.1632936811854832
GWO,11,"{""num_samples"": 477, ""num_features"": 3, ""kernel_width"": 0.6557073486820023}",0.10497536889132866
GWO,11,"{""num_samples"": 800, ""num_features"": 3, ""kernel_width"": 0.75}",0.16563369155645058
GWO,11,"{""num_samples"": 800, ""num_features"": 3, ""kernel_width"": 0.7461230026721141}",0.1787557173933513
GWO,11,"{""num_samples"": 779, ""num_features"": 3, ""kernel_width"": 0.75}",0.096788401827987
GWO,12,"{""num_samples"": 770, ""num_features"": 3, ""kernel_width"": 0.75}",0.17074708738107813
GWO,12,"{""num_samples"": 771, ""num_features"": 3, ""kernel_width"": 0.7413184624704409}",0.14997870236806962
GWO,12,"{""num_samples"": 757, ""num_features"": 3, ""kernel_width"": 0.5112440785032248}",0.1264758744752606
GWO,12,"{""num_samples"": 800, ""num_features"": 3, ""kernel_width"": 0.75}",0.15095604565052767
GWO,12,"{""num_samples"": 793, ""num_features"": 4, ""kernel_width"": 0.75}",0.16609061451307627
GWO,12,"{""num_samples"": 707, ""num_features"": 3, ""kernel_width"": 0.6600712201819993}",0.11479288014669817
GWO,12,"{""num_samples"": 800, ""num_features"": 3, ""kernel_width"": 0.7235653182923074}",0.2074723629406826
GWO,12,"{""num_samples"": 800, ""num_features"": 3, ""kernel_width"": 0.75}",0.12320191825638457
GWO,12,"{""num_samples"": 447, ""num_features"": 3, ""kernel_width"": 0.6212651703805484}",0.08960231711244371
GWO,12,"{""num_samples"": 796, ""num_features"": 3, ""kernel_width"": 0.6688531914848288}",0.10606801178751657
GWO,12,"{""num_samples"": 800, ""num_features"": 3, ""kernel_width"": 0.75}",0.15272884867451492
GWO,12,"{""num_samples"": 571, ""num_features"": 3, ""kernel_width"": 0.5845228963000347}",0.10656553271941305
GWO,12,"{""num_samples"": 800, ""num_features"": 3, ""kernel_width"": 0.75}",0.13393953307459316
GWO,12,"{""num_samples"": 800, ""num_features"": 3, ""kernel_width"": 0.75}",0.16619924282265186
GWO,12,"{""num_samples"": 749, ""num_features"": 3, ""kernel_width"": 0.75}",0.1264993570969269
GWO,13,"{""num_samples"": 595, ""num_features"": 3, ""kernel_width"": 0.5872332105716643}",0.0793720371581062
GWO,13,"{""num_samples"": 654, ""num_features"": 3, ""kernel_width"": 0.75}",0.09190910798612482
GWO,13,"{""num_samples"": 690, ""num_features"": 3, ""kernel_width"": 0.6513132439497465}",0.08263903372213557
GWO,13,"{""num_samples"": 671, ""num_features"": 3, ""kernel_width"": 0.6267418969059687}",0.1232029057856017
GWO,13,"{""num_samples"": 648, ""num_features"": 3, ""kernel_width"": 0.75}",0.14494779035063746
GWO,13,"{""num_samples"": 742, ""num_features"": 3, ""kernel_width"": 0.7465434801866424}",0.14054984990975053
GWO,13,"{""num_samples"": 800, ""num_features"": 3, ""kernel_width"": 0.659850240581517}",0.14614879829788482
GWO,13,"{""num_samples"": 800, ""num_features"": 3, ""kernel_width"": 0.75}",0.14964879938837014
GWO,13,"{""num_samples"": 736, ""num_features"": 3, ""kernel_width"": 0.7428640269213084}",0.17565559797040603
GWO,13,"{""num_samples"": 776, ""num_features"": 3, ""kernel_width"": 0.75}",0.14619186522602237
GWO,13,"{""num_samples"": 800, ""num_features"": 3, ""kernel_width"": 0.75}",0.10570916161626864
GWO,13,"{""num_samples"": 727, ""num_features"": 3, ""kernel_width"": 0.75}",0.191331052619108
GWO,13,"{""num_samples"": 669, ""num_features"": 3, ""kernel_width"": 0.75}",0.12145885329934811
GWO,13,"{""num_samples"": 746, ""num_features"": 3, ""kernel_width"": 0.6655339766960461}",0.11361448091180018
GWO,13,"{""num_samples"": 800, ""num_features"": 3, ""kernel_width"": 0.7311684253683838}",0.13693819612560848
GWO,14,"{""num_samples"": 776, ""num_features"": 3, ""kernel_width"": 0.75}",0.15532631756042597
GWO,14,"{""num_samples"": 692, ""num_features"": 3, ""kernel_width"": 0.6673292243662154}",0.094125977217102
GWO,14,"{""num_samples"": 704, ""num_features"": 3, ""kernel_width"": 0.75}",0.145711781968589
GWO,14,"{""num_samples"": 619, ""num_features"": 3, ""kernel_width"": 0.75}",0.14837829348397916
GWO,14,"{""num_samples"": 800, ""num_features"": 3, ""kernel_width"": 0.75}",0.1283611876341002
GWO,14,"{""num_samples"": 727, ""num_features"": 3, ""kernel_width"": 0.75}",0.13027885056636102
GWO,14,"{""num_samples"": 800, ""num_features"": 3, ""kernel_width"": 0.7471080131477222}",0.14286031965881482
GWO,14,"{""num_samples"": 740, ""num_features"": 3, ""kernel_width"": 0.6179440403915802}",0.15020731219624273
GWO,14,"{""num_samples"": 749, ""num_features"": 3, ""kernel_width"": 0.75}",0.10973241247793973
GWO,14,"{""num_samples"": 768, ""num_features"": 3, ""kernel_width"": 0.75}",0.14445173732186264
GWO,14,"{""num_samples"": 791, ""num_features"": 3, ""kernel_width"": 0.6671141792203272}",0.1135325282370247
GWO,14,"{""num_samples"": 800, ""num_features"": 3, ""kernel_width"": 0.75}",0.12341012194705284
GWO,14,"{""num_samples"": 800, ""num_features"": 3, ""kernel_width"": 0.6391681222920857}",0.09203117288589892
GWO,14,"{""num_samples"": 800, ""num_features"": 3, ""kernel_width"": 0.7342979962994273}",0.1765335469096289
GWO,14,"{""num_samples"": 711, ""num_features"": 3, ""kernel_width"": 0.7157610260373245}",0.16333837715357116
GWO,15,"{""num_samples"": 791, ""num_features"": 3, ""kernel_width"": 0.720995529448011}",0.1373722755071121
GWO,15,"{""num_samples"": 800, ""num_features"": 3, ""kernel_width"": 0.6993258638940493}",0.17704498758468828
GWO,15,"{""num_samples"": 760, ""num_features"": 3, ""kernel_width"": 0.75}",0.12883220257981956
GWO,15,"{""num_samples"": 800, ""num_features"": 3, ""kernel_width"": 0.6840974939035119}",0.1451888481039082
GWO,15,"{""num_samples"": 739, ""num_features"": 3, ""kernel_width"": 0.75}",0.09811129751748368
GWO,15,"{""num_samples"": 800, ""num_features"": 3, ""kernel_width"": 0.5788342554507783}",0.1788578999620925
GWO,15,"{""num_samples"": 681, ""num_features"": 3, ""kernel_width"": 0.75}",0.14173464807784056
GWO,15,"{""num_samples"": 800, ""num_features"": 3, ""kernel_width"": 0.7229103125108045}",0.16164483931208617
GWO,15,"{""num_samples"": 792, ""num_features"": 3, ""kernel_width"": 0.75}",0.13041524233155588
GWO,15,"{""num_samples"": 722, ""num_features"": 3, ""kernel_width"": 0.7174872367750549}",0.12720438415505664
GWO,15,"{""num_samples"": 629, ""num_features"": 3, ""kernel_width"": 0.7420188613403078}",0.1378951221504066
GWO,15,"{""num_samples"": 683, ""num_features"": 3, ""kernel_width"": 0.7331228090923925}",0.13220663609537772
GWO,15,"{""num_samples"": 765, ""num_features"": 3, ""kernel_width"": 0.7449458812238702}",0.14239377995383434
GWO,15,"{""num_samples"": 781, ""num_features"": 3, ""kernel_width"": 0.7383242765174991}",0.13008720877840713
GWO,15,"{""num_samples"": 800, ""num_features"": 3, ""kernel_width"": 0.75}",0.12315245782824136
GWO,16,"{""num_samples"": 792, ""num_features"": 3, ""kernel_width"": 0.6758219185249583}",0.12413487797081481
GWO,16,"{""num_samples"": 701, ""num_features"": 3, ""kernel_width"": 0.695967901981101}",0.09937776355282026
GWO,16,"{""num_samples"": 800, ""num_features"": 3, ""kernel_width"": 0.75}",0.10382524915424436
GWO,16,"{""num_samples"": 770, ""num_features"": 3, ""kernel_width"": 0.692800363755688}",0.15316550844148197
GWO,16,"{""num_samples"": 750, ""num_features"": 3, ""kernel_width"": 0.6780765008512536}",0.12976248403832294
GWO,16,"{""num_samples"": 800, ""num_features"": 3, ""kernel_width"": 0.75}",0.10425632119111132
GWO,16,"{""num_samples"": 653, ""num_features"": 3, ""kernel_width"": 0.75}",0.15047331048541243
GWO,16,"{""num_samples"": 648, ""num_features"": 3, ""kernel_width"": 0.75}",0.1048577134125567
GWO,16,"{""num_samples"": 754, ""num_features"": 3, ""kernel_width"": 0.75}",0.12316428045199633
GWO,16,"{""num_samples"": 691, ""num_features"": 3, ""kernel_width"": 0.75}",0.16311270536447847
GWO,16,"{""num_samples"": 800, ""num_features"": 3, ""kernel_width"": 0.75}",0.15815704202342717
GWO,16,"{""num_samples"": 636, ""num_features"": 3, ""kernel_width"": 0.75}",0.12492286494106752
GWO,16,"{""num_samples"": 800, ""num_features"": 3, ""kernel_width"": 0.6977414804199983}",0.13081392537880568
GWO,16,"{""num_samples"": 663, ""num_features"": 3, ""kernel_width"": 0.7019477111936824}",0.11801412438562417
GWO,16,"{""num_samples"": 724, ""num_features"": 3, ""kernel_width"": 0.675880811762319}",0.14526765219194526
GWO,17,"{""num_samples"": 792, ""num_features"": 3, ""kernel_width"": 0.75}",0.12806579258829787
GWO,17,"{""num_samples"": 739, ""num_features"": 3, ""kernel_width"": 0.6202507941898978}",0.15286223896164286
GWO,17,"{""num_samples"": 795, ""num_features"": 3, ""kernel_width"": 0.75}",0.15780865043644104
GWO,17,"{""num_samples"": 743, ""num_features"": 3, ""kernel_width"": 0.7278400884105224}",0.14261088496835586
GWO,17,"{""num_samples"": 783, ""num_features"": 3, ""kernel_width"": 0.7033137549108103}",0.07703049974344366
GWO,17,"{""num_samples"": 800, ""num_features"": 3, ""kernel_width"": 0.6823676768729033}",0.14857994435734656
GWO,17,"{""num_samples"": 699, ""num_features"": 3, ""kernel_width"": 0.6799796828434065}",0.16158822191791494
GWO,17,"{""num_samples"": 757, ""num_features"": 3, ""kernel_width"": 0.739685416569262}",0.11374557471769428
GWO,17,"{""num_samples"": 790, ""num_features"": 3, ""kernel_width"": 0.7199948275270094}",0.13146538849437803
GWO,17,"{""num_samples"": 733, ""num_features"": 3, ""kernel_width"": 0.7456146080406834}",0.1586815718862756
GWO,17,"{""num_samples"": 752, ""num_features"": 3, ""kernel_width"": 0.75}",0.18863037351586764
GWO,17,"{""num_samples"": 800, ""num_features"": 3, ""kernel_width"": 0.7321748381591671}",0.12159956425208657
GWO,17,"{""num_samples"": 773, ""num_features"": 3, ""kernel_width"": 0.7060374214191781}",0.14755099446023676
GWO,17,"{""num_samples"": 800, ""num_features"": 3, ""kernel_width"": 0.7440369706420521}",0.1361592484450622
GWO,17,"{""num_samples"": 800, ""num_features"": 3, ""kernel_width"": 0.6961055483840161}",0.15355626328949354
GWO,18,"{""num_samples"": 754, ""num_features"": 3, ""kernel_width"": 0.75}",0.15119659910171468
GWO,18,"{""num_samples"": 775, ""num_features"": 3, ""kernel_width"": 0.7173379664512765}",0.1414120124065698
GWO,18,"{""num_samples"": 729, ""num_features"": 3, ""kernel_width"": 0.7430282920939438}",0.15419110183035567
GWO,18,"{""num_samples"": 800, ""num_features"": 3, ""kernel_width"": 0.75}",0.20630480611822477
GWO,18,"{""num_samples"": 776, ""num_features"": 3, ""kernel_width"": 0.7027841692846036}",0.12221473124842344
GWO,18,"{""num_samples"": 712, ""num_features"": 3, ""kernel_width"": 0.75}",0.1358190361731187
GWO,18,"{""num_samples"": 746, ""num_features"": 3, ""kernel_width"": 0.742499089061187}",0.14850935844837332
GWO,18,"{""num_samples"": 797, ""num_features"": 3, ""kernel_width"": 0.7245644227055492}",0.1656644169299557
GWO,18,"{""num_samples"": 765, ""num_features"": 3, ""kernel_width"": 0.7278045356643187}",0.12387381392048309
GWO,18,"{""num_samples"": 729, ""num_features"": 3, ""kernel_width"": 0.7052741149845677}",0.17594188400588642
GWO,18,"{""num_samples"": 789, ""num_features"": 3, ""kernel_width"": 0.7461154039615371}",0.16813066812193914
GWO,18,"{""num_samples"": 745, ""num_features"": 3, ""kernel_width"": 0.7454853149839175}",0.1449358596832033
GWO,18,"{""num_samples"": 782, ""num_features"": 3, ""kernel_width"": 0.7413226036898947}",0.16009087557720758
GWO,18,"{""num_samples"": 769, ""num_features"": 3, ""kernel_width"": 0.7490078464675346}",0.1378405222988101
GWO,18,"{""num_samples"": 746, ""num_features"": 3, ""kernel_width"": 0.75}",0.18798021908086476
GWO,19,"{""num_samples"": 758, ""num_features"": 3, ""kernel_width"": 0.7389380884982836}",0.15577402433800372
GWO,19,"{""num_samples"": 754, ""num_features"": 3, ""kernel_width"": 0.7267657362760386}",0.16636743933305873
GWO,19,"{""num_samples"": 774, ""num_features"": 3, ""kernel_width"": 0.75}",0.1717572902308307
GWO,19,"{""num_samples"": 760, ""num_features"": 3, ""kernel_width"": 0.75}",0.15552891857017526
GWO,19,"{""num_samples"": 782, ""num_features"": 3, ""kernel_width"": 0.7390797454369485}",0.15351702514694937
GWO,19,"{""num_samples"": 780, ""num_features"": 3, ""kernel_width"": 0.7460364347392744}",0.14406505575930695
GWO,19,"{""num_samples"": 791, ""num_features"": 3, ""kernel_width"": 0.75}",0.14687558940135798
GWO,19,"{""num_samples"": 778, ""num_features"": 3, ""kernel_width"": 0.7457470032580215}",0.14772732398014668
GWO,19,"{""num_samples"": 766, ""num_features"": 3, ""kernel_width"": 0.7342640971987552}",0.13682020298859504
GWO,19,"{""num_samples"": 762, ""num_features"": 3, ""kernel_width"": 0.75}",0.14148146533636782
GWO,19,"{""num_samples"": 758, ""num_features"": 3, ""kernel_width"": 0.7439038557438137}",0.15566061789509594
GWO,19,"{""num_samples"": 759, ""num_features"": 3, ""kernel_width"": 0.7392432417826992}",0.1322023171585086
GWO,19,"{""num_samples"": 792, ""num_features"": 3, ""kernel_width"": 0.7347145517243275}",0.18598486525957098
GWO,19,"{""num_samples"": 732, ""num_features"": 3, ""kernel_width"": 0.75}",0.1574791457384242
GWO,19,"{""num_samples"": 752, ""num_features"": 3, ""kernel_width"": 0.7461280287132303}",0.12038476261767053
Cuckoo,0,"{""num_samples"": 620, ""num_features"": 6, ""kernel_width"": 0.6619787837544404}",0.13956690612325456
Cuckoo,1,"{""num_samples"": 620, ""num_features"": 6, ""kernel_width"": 0.6619787837544404}",0.13956690612325456
Cuckoo,2,"{""num_samples"": 620, ""num_features"": 6, ""kernel_width"": 0.6619787837544404}",0.13956690612325456
Cuckoo,3,"{""num_samples"": 620, ""num_features"": 6, ""kernel_width"": 0.6619787837544404}",0.13956690612325456
Cuckoo,4,"{""num_samples"": 620, ""num_features"": 6, ""kernel_width"": 0.6619787837544404}",0.13956690612325456
Cuckoo,5,"{""num_samples"": 620, ""num_features"": 6, ""kernel_width"": 0.6619787837544404}",0.13956690612325456
Cuckoo,6,"{""num_samples"": 620, ""num_features"": 6, ""kernel_width"": 0.6619787837544404}",0.13956690612325456
Cuckoo,7,"{""num_samples"": 620, ""num_features"": 6, ""kernel_width"": 0.6619787837544404}",0.13956690612325456
Cuckoo,8,"{""num_samples"": 620, ""num_features"": 6, ""kernel_width"": 0.6619787837544404}",0.13956690612325456
Cuckoo,9,"{""num_samples"": 450, ""num_features"": 3, ""kernel_width"": 0.5960035435886547}",0.15300192124289652
Cuckoo,10,"{""num_samples"": 450, ""num_features"": 3, ""kernel_width"": 0.5960035435886547}",0.15300192124289652
Cuckoo,11,"{""num_samples"": 450, ""num_features"": 3, ""kernel_width"": 0.5960035435886547}",0.15300192124289652
Cuckoo,12,"{""num_samples"": 450, ""num_features"": 3, ""kernel_width"": 0.5960035435886547}",0.15300192124289652
Cuckoo,13,"{""num_samples"": 450, ""num_features"": 3, ""kernel_width"": 0.5960035435886547}",0.15300192124289652
Cuckoo,14,"{""num_samples"": 450, ""num_features"": 3, ""kernel_width"": 0.5960035435886547}",0.15300192124289652
Cuckoo,15,"{""num_samples"": 450, ""num_features"": 3, ""kernel_width"": 0.5960035435886547}",0.15300192124289652
Cuckoo,16,"{""num_samples"": 450, ""num_features"": 3, ""kernel_width"": 0.5960035435886547}",0.15300192124289652
Cuckoo,17,"{""num_samples"": 450, ""num_features"": 3, ""kernel_width"": 0.5960035435886547}",0.15300192124289652
Cuckoo,18,"{""num_samples"": 450, ""num_features"": 3, ""kernel_width"": 0.5960035435886547}",0.15300192124289652
Cuckoo,19,"{""num_samples"": 450, ""num_features"": 3, ""kernel_width"": 0.5960035435886547}",0.15300192124289652
Cuckoo,20,"{""num_samples"": 450, ""num_features"": 3, ""kernel_width"": 0.5960035435886547}",0.15300192124289652
Cuckoo,21,"{""num_samples"": 450, ""num_features"": 3, ""kernel_width"": 0.5960035435886547}",0.15300192124289652
Cuckoo,22,"{""num_samples"": 450, ""num_features"": 3, ""kernel_width"": 0.5960035435886547}",0.15300192124289652
Cuckoo,23,"{""num_samples"": 450, ""num_features"": 3, ""kernel_width"": 0.5960035435886547}",0.15300192124289652
Cuckoo,24,"{""num_samples"": 450, ""num_features"": 3, ""kernel_width"": 0.5960035435886547}",0.15300192124289652
Bat,0,"{""num_samples"": 764, ""num_features"": 8, ""kernel_width"": 0.7082940834885695}",0.09450029689479159
Bat,0,"{""num_samples"": 706, ""num_features"": 9, ""kernel_width"": 0.3946525854979761}",0.024399752296717883
Bat,0,"{""num_samples"": 200, ""num_features"": 4, ""kernel_width"": 0.2280701562610843}",0.024848234488075334
Bat,0,"{""num_samples"": 667, ""num_features"": 8, ""kernel_width"": 0.5552057508209024}",0.08011108953371493
Bat,0,"{""num_samples"": 504, ""num_features"": 9, ""kernel_width"": 0.49846788261256547}",0.05627068605805388
Bat,0,"{""num_samples"": 379, ""num_features"": 9, ""kernel_width"": 0.26193763141874793}",-0.02732125120917995
Bat,0,"{""num_samples"": 642, ""num_features"": 10, ""kernel_width"": 0.35003224791617327}",0.011789163764893919
Bat,0,"{""num_samples"": 387, ""num_features"": 12, ""kernel_width"": 0.16209721122539303}",-0.06922031578395063
Bat,0,"{""num_samples"": 200, ""num_features"": 7, ""kernel_width"": 0.7383242677534753}",0.10877715658760326
Bat,0,"{""num_samples"": 362, ""num_features"": 7, ""kernel_width"": 0.6729363789836676}",0.10727645328106111
Bat,0,"{""num_samples"": 800, ""num_features"": 7, ""kernel_width"": 0.49647313060607634}",0.07779634766503513
Bat,0,"{""num_samples"": 268, ""num_features"": 6, ""kernel_width"": 0.6906787061748424}",0.09625129113557626
Bat,0,"{""num_samples"": 621, ""num_features"": 11, ""kernel_width"": 0.17879990597781273}",-0.06578706057885969
Bat,0,"{""num_samples"": 577, ""num_features"": 4, ""kernel_width"": 0.5910079629599747}",0.10026731137602848
Bat,0,"{""num_samples"": 716, ""num_features"": 8, ""kernel_width"": 0.36656244392028736}",0.030746901647669397
Bat,1,"{""num_samples"": 764, ""num_features"": 8, ""kernel_width"": 0.7082940834885695}",0.09450029689479159
Bat,1,"{""num_samples"": 706, ""num_features"": 9, ""kernel_width"": 0.3946525854979761}",0.024399752296717883
Bat,1,"{""num_samples"": 200, ""num_features"": 4, ""kernel_width"": 0.2280701562610843}",0.024848234488075334
Bat,1,"{""num_samples"": 667, ""num_features"": 8, ""kernel_width"": 0.5552057508209024}",0.08011108953371493
Bat,1,"{""num_samples"": 504, ""num_features"": 9, ""kernel_width"": 0.49846788261256547}",0.05627068605805388
Bat,1,"{""num_samples"": 379, ""num_features"": 9, ""kernel_width"": 0.26193763141874793}",-0.02732125120917995
Bat,1,"{""num_samples"": 642, ""num_features"": 10, ""kernel_width"": 0.35003224791617327}",0.011789163764893919
Bat,1,"{""num_samples"": 387, ""num_features"": 12, ""kernel_width"": 0.16209721122539303}",-0.06922031578395063
Bat,1,"{""num_samples"": 200, ""num_features"": 7, ""kernel_width"": 0.7383242677534753}",0.10877715658760326
Bat,1,"{""num_samples"": 362, ""num_features"": 7, ""kernel_width"": 0.6729363789836676}",0.10727645328106111
Bat,1,"{""num_samples"": 800, ""num_features"": 7, ""kernel_width"": 0.49647313060607634}",0.07779634766503513
Bat,1,"{""num_samples"": 268, ""num_features"": 6, ""kernel_width"": 0.6906787061748424}",0.09625129113557626
Bat,1,"{""num_samples"": 621, ""num_features"": 11, ""kernel_width"": 0.17879990597781273}",-0.06578706057885969
Bat,1,"{""num_samples"": 800, ""num_features"": 3, ""kernel_width"": 0.3878581707648503}",0.10600390821046575
Bat,1,"{""num_samples"": 716, ""num_features"": 8, ""kernel_width"": 0.36656244392028736}",0.030746901647669397
Bat,2,"{""num_samples"": 800, ""num_features"": 9, ""kernel_width"": 0.6988831729499961}",0.10758548254351186
Bat,2,"{""num_samples"": 706, ""num_features"": 9, ""kernel_width"": 0.3946525854979761}",0.024399752296717883
Bat,2,"{""num_samples"": 200, ""num_features"": 4, ""kernel_width"": 0.2280701562610843}",0.024848234488075334
Bat,2,"{""num_samples"": 667, ""num_features"": 8, ""kernel_width"": 0.5552057508209024}",0.08011108953371493
Bat,2,"{""num_samples"": 504, ""num_features"": 9, ""kernel_width"": 0.49846788261256547}",0.05627068605805388
Bat,2,"{""num_samples"": 379, ""num_features"": 9, ""kernel_width"": 0.26193763141874793}",-0.02732125120917995
Bat,2,"{""num_samples"": 642, ""num_features"": 10, ""kernel_width"": 0.35003224791617327}",0.011789163764893919
Bat,2,"{""num_samples"": 387, ""num_features"": 12, ""kernel_width"": 0.16209721122539303}",-0.06922031578395063
Bat,2,"{""num_samples"": 200, ""num_features"": 7, ""kernel_width"": 0.7383242677534753}",0.10877715658760326
Bat,2,"{""num_samples"": 362, ""num_features"": 7, ""kernel_width"": 0.6729363789836676}",0.10727645328106111
Bat,2,"{""num_samples"": 800, ""num_features"": 7, ""kernel_width"": 0.49647313060607634}",0.07779634766503513
Bat,2,"{""num_samples"": 341, ""num_features"": 4, ""kernel_width"": 0.6389972938506787}",0.12932153621784176
Bat,2,"{""num_samples"": 621, ""num_features"": 11, ""kernel_width"": 0.17879990597781273}",-0.06578706057885969
Bat,2,"{""num_samples"": 800, ""num_features"": 3, ""kernel_width"": 0.3878581707648503}",0.10600390821046575
Bat,2,"{""num_samples"": 716, ""num_features"": 8, ""kernel_width"": 0.36656244392028736}",0.030746901647669397
Bat,3,"{""num_samples"": 800, ""num_features"": 9, ""kernel_width"": 0.6988831729499961}",0.10758548254351186
Bat,3,"{""num_samples"": 706, ""num_features"": 9, ""kernel_width"": 0.3946525854979761}",0.024399752296717883
Bat,3,"{""num_samples"": 200, ""num_features"": 4, ""kernel_width"": 0.2280701562610843}",0.024848234488075334
Bat,3,"{""num_samples"": 667, ""num_features"": 8, ""kernel_width"": 0.5552057508209024}",0.08011108953371493
Bat,3,"{""num_samples"": 504, ""num_features"": 9, ""kernel_width"": 0.49846788261256547}",0.05627068605805388
Bat,3,"{""num_samples"": 379, ""num_features"": 9, ""kernel_width"": 0.26193763141874793}",-0.02732125120917995
Bat,3,"{""num_samples"": 642, ""num_features"": 10, ""kernel_width"": 0.35003224791617327}",0.011789163764893919
Bat,3,"{""num_samples"": 387, ""num_features"": 12, ""kernel_width"": 0.16209721122539303}",-0.06922031578395063
Bat,3,"{""num_samples"": 200, ""num_features"": 7, ""kernel_width"": 0.7383242677534753}",0.10877715658760326
Bat,3,"{""num_samples"": 362, ""num_features"": 7, ""kernel_width"": 0.6729363789836676}",0.10727645328106111
Bat,3,"{""num_samples"": 800, ""num_features"": 7, ""kernel_width"": 0.49647313060607634}",0.07779634766503513
Bat,3,"{""num_samples"": 416, ""num_features"": 3, ""kernel_width"": 0.5889511346593543}",0.13965225634760747
Bat,3,"{""num_samples"": 621, ""num_features"": 11, ""kernel_width"": 0.17879990597781273}",-0.06578706057885969
Bat,3,"{""num_samples"": 800, ""num_features"": 3, ""kernel_width"": 0.3878581707648503}",0.10600390821046575
Bat,3,"{""num_samples"": 716, ""num_features"": 8, ""kernel_width"": 0.36656244392028736}",0.030746901647669397
Bat,4,"{""num_samples"": 800, ""num_features"": 9, ""kernel_width"": 0.6988831729499961}",0.10758548254351186
Bat,4,"{""num_samples"": 706, ""num_features"": 9, ""kernel_width"": 0.3946525854979761}",0.024399752296717883
Bat,4,"{""num_samples"": 200, ""num_features"": 3, ""kernel_width"": 0.10308194633838887}",0.04359009369653416
Bat,4,"{""num_samples"": 667, ""num_features"": 8, ""kernel_width"": 0.5552057508209024}",0.08011108953371493
Bat,4,"{""num_samples"": 504, ""num_features"": 9, ""kernel_width"": 0.49846788261256547}",0.05627068605805388
Bat,4,"{""num_samples"": 379, ""num_features"": 9, ""kernel_width"": 0.26193763141874793}",-0.02732125120917995
Bat,4,"{""num_samples"": 642, ""num_features"": 10, ""kernel_width"": 0.35003224791617327}",0.011789163764893919
Bat,4,"{""num_samples"": 387, ""num_features"": 12, ""kernel_width"": 0.16209721122539303}",-0.06922031578395063
Bat,4,"{""num_samples"": 200, ""num_features"": 7, ""kernel_width"": 0.7383242677534753}",0.10877715658760326
Bat,4,"{""num_samples"": 362, ""num_features"": 7, ""kernel_width"": 0.6729363789836676}",0.10727645328106111
Bat,4,"{""num_samples"": 800, ""num_features"": 7, ""kernel_width"": 0.49647313060607634}",0.07779634766503513
Bat,4,"{""num_samples"": 416, ""num_features"": 3, ""kernel_width"": 0.5889511346593543}",0.13965225634760747
Bat,4,"{""num_samples"": 621, ""num_features"": 11, ""kernel_width"": 0.17879990597781273}",-0.06578706057885969
Bat,4,"{""num_samples"": 800, ""num_features"": 3, ""kernel_width"": 0.3878581707648503}",0.10600390821046575
Bat,4,"{""num_samples"": 716, ""num_features"": 8, ""kernel_width"": 0.36656244392028736}",0.030746901647669397
Bat,5,"{""num_samples"": 800, ""num_features"": 9, ""kernel_width"": 0.6988831729499961}",0.10758548254351186
Bat,5,"{""num_samples"": 706, ""num_features"": 9, ""kernel_width"": 0.3946525854979761}",0.024399752296717883
Bat,5,"{""num_samples"": 200, ""num_features"": 3, ""kernel_width"": 0.10308194633838887}",0.04359009369653416
Bat,5,"{""num_samples"": 667, ""num_features"": 8, ""kernel_width"": 0.5552057508209024}",0.08011108953371493
Bat,5,"{""num_samples"": 504, ""num_features"": 9, ""kernel_width"": 0.49846788261256547}",0.05627068605805388
Bat,5,"{""num_samples"": 379, ""num_features"": 9, ""kernel_width"": 0.26193763141874793}",-0.02732125120917995
Bat,5,"{""num_samples"": 642, ""num_features"": 10, ""kernel_width"": 0.35003224791617327}",0.011789163764893919
Bat,5,"{""num_samples"": 376, ""num_features"": 12, ""kernel_width"": 0.1}",-0.047695152210243896
Bat,5,"{""num_samples"": 200, ""num_features"": 7, ""kernel_width"": 0.7383242677534753}",0.10877715658760326
Bat,5,"{""num_samples"": 362, ""num_features"": 7, ""kernel_width"": 0.6729363789836676}",0.10727645328106111
Bat,5,"{""num_samples"": 800, ""num_features"": 7, ""kernel_width"": 0.49647313060607634}",0.07779634766503513
Bat,5,"{""num_samples"": 416, ""num_features"": 3, ""kernel_width"": 0.5889511346593543}",0.13965225634760747
Bat,5,"{""num_samples"": 621, ""num_features"": 11, ""kernel_width"": 0.17879990597781273}",-0.06578706057885969
Bat,5,"{""num_samples"": 800, ""num_features"": 3, ""kernel_width"": 0.3878581707648503}",0.10600390821046575
Bat,5,"{""num_samples"": 716, ""num_features"": 8, ""kernel_width"": 0.36656244392028736}",0.030746901647669397
Bat,6,"{""num_samples"": 800, ""num_features"": 9, ""kernel_width"": 0.6988831729499961}",0.10758548254351186
Bat,6,"{""num_samples"": 706, ""num_features"": 9, ""kernel_width"": 0.3946525854979761}",0.024399752296717883
Bat,6,"{""num_samples"": 200, ""num_features"": 3, ""kernel_width"": 0.10308194633838887}",0.04359009369653416
Bat,6,"{""num_samples"": 667, ""num_features"": 8, ""kernel_width"": 0.5552057508209024}",0.08011108953371493
Bat,6,"{""num_samples"": 504, ""num_features"": 9, ""kernel_width"": 0.49846788261256547}",0.05627068605805388
Bat,6,"{""num_samples"": 379, ""num_features"": 9, ""kernel_width"": 0.26193763141874793}",-0.02732125120917995
Bat,6,"{""num_samples"": 642, ""num_features"": 10, ""kernel_width"": 0.35003224791617327}",0.011789163764893919
Bat,6,"{""num_samples"": 376, ""num_features"": 12, ""kernel_width"": 0.1}",-0.047695152210243896
Bat,6,"{""num_samples"": 200, ""num_features"": 7, ""kernel_width"": 0.7383242677534753}",0.10877715658760326
Bat,6,"{""num_samples"": 362, ""num_features"": 7, ""kernel_width"": 0.6729363789836676}",0.10727645328106111
Bat,6,"{""num_samples"": 800, ""num_features"": 7, ""kernel_width"": 0.49647313060607634}",0.07779634766503513
Bat,6,"{""num_samples"": 416, ""num_features"": 3, ""kernel_width"": 0.5889511346593543}",0.13965225634760747
Bat,6,"{""num_samples"": 621, ""num_features"": 11, ""kernel_width"": 0.17879990597781273}",-0.06578706057885969
Bat,6,"{""num_samples"": 800, ""num_features"": 3, ""kernel_width"": 0.3878581707648503}",0.10600390821046575
Bat,6,"{""num_samples"": 716, ""num_features"": 8, ""kernel_width"": 0.36656244392028736}",0.030746901647669397
Bat,7,"{""num_samples"": 800, ""num_features"": 9, ""kernel_width"": 0.6988831729499961}",0.10758548254351186
Bat,7,"{""num_samples"": 706, ""num_features"": 9, ""kernel_width"": 0.3946525854979761}",0.024399752296717883
Bat,7,"{""num_samples"": 200, ""num_features"": 3, ""kernel_width"": 0.10308194633838887}",0.04359009369653416
Bat,7,"{""num_samples"": 667, ""num_features"": 8, ""kernel_width"": 0.5552057508209024}",0.08011108953371493
Bat,7,"{""num_samples"": 504, ""num_features"": 9, ""kernel_width"": 0.49846788261256547}",0.05627068605805388
Bat,7,"{""num_samples"": 379, ""num_features"": 9, ""kernel_width"": 0.26193763141874793}",-0.02732125120917995
Bat,7,"{""num_samples"": 642, ""num_features"": 10, ""kernel_width"": 0.35003224791617327}",0.011789163764893919
Bat,7,"{""num_samples"": 376, ""num_features"": 12, ""kernel_width"": 0.1}",-0.047695152210243896
Bat,7,"{""num_samples"": 200, ""num_features"": 7, ""kernel_width"": 0.7383242677534753}",0.10877715658760326
Bat,7,"{""num_samples"": 362, ""num_features"": 7, ""kernel_width"": 0.6729363789836676}",0.10727645328106111
Bat,7,"{""num_samples"": 800, ""num_features"": 7, ""kernel_width"": 0.49647313060607634}",0.07779634766503513
Bat,7,"{""num_samples"": 416, ""num_features"": 3, ""kernel_width"": 0.5889511346593543}",0.13965225634760747
Bat,7,"{""num_samples"": 621, ""num_features"": 11, ""kernel_width"": 0.17879990597781273}",-0.06578706057885969
Bat,7,"{""num_samples"": 800, ""num_features"": 3, ""kernel_width"": 0.3878581707648503}",0.10600390821046575
Bat,7,"{""num_samples"": 716, ""num_features"": 8, ""kernel_width"": 0.36656244392028736}",0.030746901647669397
Bat,8,"{""num_samples"": 800, ""num_features"": 9, ""kernel_width"": 0.6988831729499961}",0.10758548254351186
Bat,8,"{""num_samples"": 706, ""num_features"": 9, ""kernel_width"": 0.3946525854979761}",0.024399752296717883
Bat,8,"{""num_samples"": 200, ""num_features"": 3, ""kernel_width"": 0.10308194633838887}",0.04359009369653416
Bat,8,"{""num_samples"": 667, ""num_features"": 8, ""kernel_width"": 0.5552057508209024}",0.08011108953371493
Bat,8,"{""num_samples"": 504, ""num_features"": 9, ""kernel_width"": 0.49846788261256547}",0.05627068605805388
Bat,8,"{""num_samples"": 379, ""num_features"": 9, ""kernel_width"": 0.26193763141874793}",-0.02732125120917995
Bat,8,"{""num_samples"": 642, ""num_features"": 10, ""kernel_width"": 0.35003224791617327}",0.011789163764893919
Bat,8,"{""num_samples"": 376, ""num_features"": 12, ""kernel_width"": 0.1}",-0.047695152210243896
Bat,8,"{""num_samples"": 200, ""num_features"": 7, ""kernel_width"": 0.7383242677534753}",0.10877715658760326
Bat,8,"{""num_samples"": 362, ""num_features"": 7, ""kernel_width"": 0.6729363789836676}",0.10727645328106111
Bat,8,"{""num_samples"": 800, ""num_features"": 7, ""kernel_width"": 0.49647313060607634}",0.07779634766503513
Bat,8,"{""num_samples"": 416, ""num_features"": 3, ""kernel_width"": 0.5889511346593543}",0.13965225634760747
Bat,8,"{""num_samples"": 621, ""num_features"": 11, ""kernel_width"": 0.17879990597781273}",-0.06578706057885969
Bat,8,"{""num_samples"": 800, ""num_features"": 3, ""kernel_width"": 0.3878581707648503}",0.10600390821046575
Bat,8,"{""num_samples"": 716, ""num_features"": 8, ""kernel_width"": 0.36656244392028736}",0.030746901647669397
Bat,9,"{""num_samples"": 800, ""num_features"": 9, ""kernel_width"": 0.6988831729499961}",0.10758548254351186
Bat,9,"{""num_samples"": 706, ""num_features"": 9, ""kernel_width"": 0.3946525854979761}",0.024399752296717883
Bat,9,"{""num_samples"": 200, ""num_features"": 3, ""kernel_width"": 0.10308194633838887}",0.04359009369653416
Bat,9,"{""num_samples"": 667, ""num_features"": 8, ""kernel_width"": 0.5552057508209024}",0.08011108953371493
Bat,9,"{""num_samples"": 504, ""num_features"": 9, ""kernel_width"": 0.49846788261256547}",0.05627068605805388
Bat,9,"{""num_samples"": 379, ""num_features"": 9, ""kernel_width"": 0.26193763141874793}",-0.02732125120917995
Bat,9,"{""num_samples"": 642, ""num_features"": 10, ""kernel_width"": 0.35003224791617327}",0.011789163764893919
Bat,9,"{""num_samples"": 376, ""num_features"": 12, ""kernel_width"": 0.1}",-0.047695152210243896
Bat,9,"{""num_samples"": 200, ""num_features"": 7, ""kernel_width"": 0.7383242677534753}",0.10877715658760326
Bat,9,"{""num_samples"": 362, ""num_features"": 7, ""kernel_width"": 0.6729363789836676}",0.10727645328106111
Bat,9,"{""num_samples"": 800, ""num_features"": 7, ""kernel_width"": 0.49647313060607634}",0.07779634766503513
Bat,9,"{""num_samples"": 416, ""num_features"": 3, ""kernel_width"": 0.5889511346593543}",0.13965225634760747
Bat,9,"{""num_samples"": 621, ""num_features"": 11, ""kernel_width"": 0.17879990597781273}",-0.06578706057885969
Bat,9,"{""num_samples"": 800, ""num_features"": 3, ""kernel_width"": 0.3878581707648503}",0.10600390821046575
Bat,9,"{""num_samples"": 716, ""num_features"": 8, ""kernel_width"": 0.36656244392028736}",0.030746901647669397
Bat,10,"{""num_samples"": 800, ""num_features"": 9, ""kernel_width"": 0.6988831729499961}",0.10758548254351186
Bat,10,"{""num_samples"": 706, ""num_features"": 9, ""kernel_width"": 0.3946525854979761}",0.024399752296717883
Bat,10,"{""num_samples"": 200, ""num_features"": 3, ""kernel_width"": 0.1}",0.04647305622208263
Bat,10,"{""num_samples"": 667, ""num_features"": 8, ""kernel_width"": 0.5552057508209024}",0.08011108953371493
Bat,10,"{""num_samples"": 504, ""num_features"": 9, ""kernel_width"": 0.49846788261256547}",0.05627068605805388
Bat,10,"{""num_samples"": 379, ""num_features"": 9, ""kernel_width"": 0.26193763141874793}",-0.02732125120917995
Bat,10,"{""num_samples"": 642, ""num_features"": 10, ""kernel_width"": 0.35003224791617327}",0.011789163764893919
Bat,10,"{""num_samples"": 376, ""num_features"": 12, ""kernel_width"": 0.1}",-0.047695152210243896
Bat,10,"{""num_samples"": 200, ""num_features"": 7, ""kernel_width"": 0.7383242677534753}",0.10877715658760326
Bat,10,"{""num_samples"": 362, ""num_features"": 7, ""kernel_width"": 0.6729363789836676}",0.10727645328106111
Bat,10,"{""num_samples"": 800, ""num_features"": 7, ""kernel_width"": 0.49647313060607634}",0.07779634766503513
Bat,10,"{""num_samples"": 416, ""num_features"": 3, ""kernel_width"": 0.5889511346593543}",0.13965225634760747
Bat,10,"{""num_samples"": 621, ""num_features"": 11, ""kernel_width"": 0.17879990597781273}",-0.06578706057885969
Bat,10,"{""num_samples"": 800, ""num_features"": 3, ""kernel_width"": 0.3878581707648503}",0.10600390821046575
Bat,10,"{""num_samples"": 716, ""num_features"": 8, ""kernel_width"": 0.36656244392028736}",0.030746901647669397
Bat,11,"{""num_samples"": 800, ""num_features"": 9, ""kernel_width"": 0.6988831729499961}",0.10758548254351186
Bat,11,"{""num_samples"": 706, ""num_features"": 9, ""kernel_width"": 0.3946525854979761}",0.024399752296717883
Bat,11,"{""num_samples"": 200, ""num_features"": 3, ""kernel_width"": 0.1}",0.04647305622208263
Bat,11,"{""num_samples"": 667, ""num_features"": 8, ""kernel_width"": 0.5552057508209024}",0.08011108953371493
Bat,11,"{""num_samples"": 504, ""num_features"": 9, ""kernel_width"": 0.49846788261256547}",0.05627068605805388
Bat,11,"{""num_samples"": 379, ""num_features"": 9, ""kernel_width"": 0.26193763141874793}",-0.02732125120917995
Bat,11,"{""num_samples"": 642, ""num_features"": 10, ""kernel_width"": 0.35003224791617327}",0.011789163764893919
Bat,11,"{""num_samples"": 376, ""num_features"": 12, ""kernel_width"": 0.1}",-0.047695152210243896
Bat,11,"{""num_samples"": 200, ""num_features"": 7, ""kernel_width"": 0.7383242677534753}",0.10877715658760326
Bat,11,"{""num_samples"": 362, ""num_features"": 7, ""kernel_width"": 0.6729363789836676}",0.10727645328106111
Bat,11,"{""num_samples"": 800, ""num_features"": 7, ""kernel_width"": 0.49647313060607634}",0.07779634766503513
Bat,11,"{""num_samples"": 416, ""num_features"": 3, ""kernel_width"": 0.5889511346593543}",0.13965225634760747
Bat,11,"{""num_samples"": 621, ""num_features"": 11, ""kernel_width"": 0.17879990597781273}",-0.06578706057885969
Bat,11,"{""num_samples"": 800, ""num_features"": 3, ""kernel_width"": 0.3878581707648503}",0.10600390821046575
Bat,11,"{""num_samples"": 716, ""num_features"": 8, ""kernel_width"": 0.36656244392028736}",0.030746901647669397
Bat,12,"{""num_samples"": 800, ""num_features"": 9, ""kernel_width"": 0.6988831729499961}",0.10758548254351186
Bat,12,"{""num_samples"": 706, ""num_features"": 9, ""kernel_width"": 0.3946525854979761}",0.024399752296717883
Bat,12,"{""num_samples"": 200, ""num_features"": 3, ""kernel_width"": 0.1}",0.04647305622208263
Bat,12,"{""num_samples"": 667, ""num_features"": 8, ""kernel_width"": 0.5552057508209024}",0.08011108953371493
Bat,12,"{""num_samples"": 504, ""num_features"": 9, ""kernel_width"": 0.49846788261256547}",0.05627068605805388
Bat,12,"{""num_samples"": 379, ""num_features"": 9, ""kernel_width"": 0.26193763141874793}",-0.02732125120917995
Bat,12,"{""num_samples"": 642, ""num_features"": 10, ""kernel_width"": 0.35003224791617327}",0.011789163764893919
Bat,12,"{""num_samples"": 376, ""num_features"": 12, ""kernel_width"": 0.1}",-0.047695152210243896
Bat,12,"{""num_samples"": 200, ""num_features"": 7, ""kernel_width"": 0.7383242677534753}",0.10877715658760326
Bat,12,"{""num_samples"": 362, ""num_features"": 7, ""kernel_width"": 0.6729363789836676}",0.10727645328106111
Bat,12,"{""num_samples"": 800, ""num_features"": 7, ""kernel_width"": 0.49647313060607634}",0.07779634766503513
Bat,12,"{""num_samples"": 416, ""num_features"": 3, ""kernel_width"": 0.5889511346593543}",0.13965225634760747
Bat,12,"{""num_samples"": 621, ""num_features"": 11, ""kernel_width"": 0.17879990597781273}",-0.06578706057885969
Bat,12,"{""num_samples"": 800, ""num_features"": 3, ""kernel_width"": 0.3878581707648503}",0.10600390821046575
Bat,12,"{""num_samples"": 716, ""num_features"": 8, ""kernel_width"": 0.36656244392028736}",0.030746901647669397
Bat,13,"{""num_samples"": 800, ""num_features"": 9, ""kernel_width"": 0.6988831729499961}",0.10758548254351186
Bat,13,"{""num_samples"": 706, ""num_features"": 9, ""kernel_width"": 0.3946525854979761}",0.024399752296717883
Bat,13,"{""num_samples"": 200, ""num_features"": 3, ""kernel_width"": 0.1}",0.04647305622208263
Bat,13,"{""num_samples"": 667, ""num_features"": 8, ""kernel_width"": 0.5552057508209024}",0.08011108953371493
Bat,13,"{""num_samples"": 504, ""num_features"": 9, ""kernel_width"": 0.49846788261256547}",0.05627068605805388
Bat,13,"{""num_samples"": 379, ""num_features"": 9, ""kernel_width"": 0.26193763141874793}",-0.02732125120917995
Bat,13,"{""num_samples"": 642, ""num_features"": 10, ""kernel_width"": 0.35003224791617327}",0.011789163764893919
Bat,13,"{""num_samples"": 376, ""num_features"": 12, ""kernel_width"": 0.1}",-0.047695152210243896
Bat,13,"{""num_samples"": 200, ""num_features"": 7, ""kernel_width"": 0.7383242677534753}",0.10877715658760326
Bat,13,"{""num_samples"": 362, ""num_features"": 7, ""kernel_width"": 0.6729363789836676}",0.10727645328106111
Bat,13,"{""num_samples"": 800, ""num_features"": 7, ""kernel_width"": 0.49647313060607634}",0.07779634766503513
Bat,13,"{""num_samples"": 416, ""num_features"": 3, ""kernel_width"": 0.5889511346593543}",0.13965225634760747
Bat,13,"{""num_samples"": 621, ""num_features"": 11, ""kernel_width"": 0.17879990597781273}",-0.06578706057885969
Bat,13,"{""num_samples"": 800, ""num_features"": 3, ""kernel_width"": 0.3878581707648503}",0.10600390821046575
Bat,13,"{""num_samples"": 716, ""num_features"": 8, ""kernel_width"": 0.36656244392028736}",0.030746901647669397
Bat,14,"{""num_samples"": 800, ""num_features"": 9, ""kernel_width"": 0.6988831729499961}",0.10758548254351186
Bat,14,"{""num_samples"": 706, ""num_features"": 9, ""kernel_width"": 0.3946525854979761}",0.024399752296717883
Bat,14,"{""num_samples"": 200, ""num_features"": 3, ""kernel_width"": 0.10072215288637373}",0.051795470086728926
Bat,14,"{""num_samples"": 667, ""num_features"": 8, ""kernel_width"": 0.5552057508209024}",0.08011108953371493
Bat,14,"{""num_samples"": 504, ""num_features"": 9, ""kernel_width"": 0.49846788261256547}",0.05627068605805388
Bat,14,"{""num_samples"": 379, ""num_features"": 9, ""kernel_width"": 0.26193763141874793}",-0.02732125120917995
Bat,14,"{""num_samples"": 642, ""num_features"": 10, ""kernel_width"": 0.35003224791617327}",0.011789163764893919
Bat,14,"{""num_samples"": 376, ""num_features"": 12, ""kernel_width"": 0.1}",-0.047695152210243896
Bat,14,"{""num_samples"": 200, ""num_features"": 7, ""kernel_width"": 0.7383242677534753}",0.10877715658760326
Bat,14,"{""num_samples"": 362, ""num_features"": 7, ""kernel_width"": 0.6729363789836676}",0.10727645328106111
Bat,14,"{""num_samples"": 800, ""num_features"": 7, ""kernel_width"": 0.49647313060607634}",0.07779634766503513
Bat,14,"{""num_samples"": 416, ""num_features"": 3, ""kernel_width"": 0.5889511346593543}",0.13965225634760747
Bat,14,"{""num_samples"": 621, ""num_features"": 11, ""kernel_width"": 0.17879990597781273}",-0.06578706057885969
Bat,14,"{""num_samples"": 800, ""num_features"": 3, ""kernel_width"": 0.3878581707648503}",0.10600390821046575
Bat,14,"{""num_samples"": 716, ""num_features"": 8, ""kernel_width"": 0.36656244392028736}",0.030746901647669397
Bat,15,"{""num_samples"": 800, ""num_features"": 9, ""kernel_width"": 0.6988831729499961}",0.10758548254351186
Bat,15,"{""num_samples"": 706, ""num_features"": 9, ""kernel_width"": 0.3946525854979761}",0.024399752296717883
Bat,15,"{""num_samples"": 200, ""num_features"": 3, ""kernel_width"": 0.10077356739885239}",0.05831282826609231
Bat,15,"{""num_samples"": 667, ""num_features"": 8, ""kernel_width"": 0.5552057508209024}",0.08011108953371493
Bat,15,"{""num_samples"": 504, ""num_features"": 9, ""kernel_width"": 0.49846788261256547}",0.05627068605805388
Bat,15,"{""num_samples"": 379, ""num_features"": 9, ""kernel_width"": 0.26193763141874793}",-0.02732125120917995
Bat,15,"{""num_samples"": 642, ""num_features"": 10, ""kernel_width"": 0.35003224791617327}",0.011789163764893919
Bat,15,"{""num_samples"": 376, ""num_features"": 12, ""kernel_width"": 0.1}",-0.047695152210243896
Bat,15,"{""num_samples"": 200, ""num_features"": 7, ""kernel_width"": 0.7383242677534753}",0.10877715658760326
Bat,15,"{""num_samples"": 362, ""num_features"": 7, ""kernel_width"": 0.6729363789836676}",0.10727645328106111
Bat,15,"{""num_samples"": 800, ""num_features"": 7, ""kernel_width"": 0.49647313060607634}",0.07779634766503513
Bat,15,"{""num_samples"": 416, ""num_features"": 3, ""kernel_width"": 0.5889511346593543}",0.13965225634760747
Bat,15,"{""num_samples"": 621, ""num_features"": 11, ""kernel_width"": 0.17879990597781273}",-0.06578706057885969
Bat,15,"{""num_samples"": 800, ""num_features"": 3, ""kernel_width"": 0.3878581707648503}",0.10600390821046575
Bat,15,"{""num_samples"": 716, ""num_features"": 8, ""kernel_width"": 0.36656244392028736}",0.030746901647669397
Bat,16,"{""num_samples"": 800, ""num_features"": 9, ""kernel_width"": 0.6988831729499961}",0.10758548254351186
Bat,16,"{""num_samples"": 706, ""num_features"": 9, ""kernel_width"": 0.3946525854979761}",0.024399752296717883
Bat,16,"{""num_samples"": 200, ""num_features"": 3, ""kernel_width"": 0.10077356739885239}",0.05831282826609231
Bat,16,"{""num_samples"": 667, ""num_features"": 8, ""kernel_width"": 0.5552057508209024}",0.08011108953371493
Bat,16,"{""num_samples"": 504, ""num_features"": 9, ""kernel_width"": 0.49846788261256547}",0.05627068605805388
Bat,16,"{""num_samples"": 379, ""num_features"": 9, ""kernel_width"": 0.26193763141874793}",-0.02732125120917995
Bat,16,"{""num_samples"": 642, ""num_features"": 10, ""kernel_width"": 0.35003224791617327}",0.011789163764893919
Bat,16,"{""num_samples"": 376, ""num_features"": 12, ""kernel_width"": 0.1}",-0.047695152210243896
Bat,16,"{""num_samples"": 200, ""num_features"": 7, ""kernel_width"": 0.7383242677534753}",0.10877715658760326
Bat,16,"{""num_samples"": 362, ""num_features"": 7, ""kernel_width"": 0.6729363789836676}",0.10727645328106111
Bat,16,"{""num_samples"": 800, ""num_features"": 7, ""kernel_width"": 0.49647313060607634}",0.07779634766503513
Bat,16,"{""num_samples"": 416, ""num_features"": 3, ""kernel_width"": 0.5889511346593543}",0.13965225634760747
Bat,16,"{""num_samples"": 621, ""num_features"": 11, ""kernel_width"": 0.17879990597781273}",-0.06578706057885969
Bat,16,"{""num_samples"": 800, ""num_features"": 3, ""kernel_width"": 0.3878581707648503}",0.10600390821046575
Bat,16,"{""num_samples"": 716, ""num_features"": 8, ""kernel_width"": 0.36656244392028736}",0.030746901647669397
Bat,17,"{""num_samples"": 800, ""num_features"": 9, ""kernel_width"": 0.6988831729499961}",0.10758548254351186
Bat,17,"{""num_samples"": 706, ""num_features"": 9, ""kernel_width"": 0.3946525854979761}",0.024399752296717883
Bat,17,"{""num_samples"": 200, ""num_features"": 3, ""kernel_width"": 0.10077356739885239}",0.05831282826609231
Bat,17,"{""num_samples"": 667, ""num_features"": 8, ""kernel_width"": 0.5552057508209024}",0.08011108953371493
Bat,17,"{""num_samples"": 504, ""num_features"": 9, ""kernel_width"": 0.49846788261256547}",0.05627068605805388
Bat,17,"{""num_samples"": 379, ""num_features"": 9, ""kernel_width"": 0.26193763141874793}",-0.02732125120917995
Bat,17,"{""num_samples"": 642, ""num_features"": 10, ""kernel_width"": 0.35003224791617327}",0.011789163764893919
Bat,17,"{""num_samples"": 376, ""num_features"": 12, ""kernel_width"": 0.1}",-0.047695152210243896
Bat,17,"{""num_samples"": 200, ""num_features"": 7, ""kernel_width"": 0.7383242677534753}",0.10877715658760326
Bat,17,"{""num_samples"": 362, ""num_features"": 7, ""kernel_width"": 0.6729363789836676}",0.10727645328106111
Bat,17,"{""num_samples"": 800, ""num_features"": 7, ""kernel_width"": 0.49647313060607634}",0.07779634766503513
Bat,17,"{""num_samples"": 416, ""num_features"": 3, ""kernel_width"": 0.5889511346593543}",0.13965225634760747
Bat,17,"{""num_samples"": 621, ""num_features"": 11, ""kernel_width"": 0.17879990597781273}",-0.06578706057885969
Bat,17,"{""num_samples"": 800, ""num_features"": 3, ""kernel_width"": 0.3878581707648503}",0.10600390821046575
Bat,17,"{""num_samples"": 716, ""num_features"": 8, ""kernel_width"": 0.36656244392028736}",0.030746901647669397
Bat,18,"{""num_samples"": 800, ""num_features"": 9, ""kernel_width"": 0.6988831729499961}",0.10758548254351186
Bat,18,"{""num_samples"": 706, ""num_features"": 9, ""kernel_width"": 0.3946525854979761}",0.024399752296717883
Bat,18,"{""num_samples"": 200, ""num_features"": 3, ""kernel_width"": 0.10077356739885239}",0.05831282826609231
Bat,18,"{""num_samples"": 667, ""num_features"": 8, ""kernel_width"": 0.5552057508209024}",0.08011108953371493
Bat,18,"{""num_samples"": 504, ""num_features"": 9, ""kernel_width"": 0.49846788261256547}",0.05627068605805388
Bat,18,"{""num_samples"": 379, ""num_features"": 9, ""kernel_width"": 0.26193763141874793}",-0.02732125120917995
Bat,18,"{""num_samples"": 642, ""num_features"": 10, ""kernel_width"": 0.35003224791617327}",0.011789163764893919
Bat,18,"{""num_samples"": 201, ""num_features"": 11, ""kernel_width"": 0.1}",-0.028647914791335008
Bat,18,"{""num_samples"": 200, ""num_features"": 7, ""kernel_width"": 0.7383242677534753}",0.10877715658760326
Bat,18,"{""num_samples"": 362, ""num_features"": 7, ""kernel_width"": 0.6729363789836676}",0.10727645328106111
Bat,18,"{""num_samples"": 800, ""num_features"": 7, ""kernel_width"": 0.49647313060607634}",0.07779634766503513
Bat,18,"{""num_samples"": 416, ""num_features"": 3, ""kernel_width"": 0.5889511346593543}",0.13965225634760747
Bat,18,"{""num_samples"": 621, ""num_features"": 11, ""kernel_width"": 0.17879990597781273}",-0.06578706057885969
Bat,18,"{""num_samples"": 800, ""num_features"": 3, ""kernel_width"": 0.3878581707648503}",0.10600390821046575
Bat,18,"{""num_samples"": 716, ""num_features"": 8, ""kernel_width"": 0.36656244392028736}",0.030746901647669397
Bat,19,"{""num_samples"": 800, ""num_features"": 9, ""kernel_width"": 0.6988831729499961}",0.10758548254351186
Bat,19,"{""num_samples"": 706, ""num_features"": 9, ""kernel_width"": 0.3946525854979761}",0.024399752296717883
Bat,19,"{""num_samples"": 200, ""num_features"": 3, ""kernel_width"": 0.10077356739885239}",0.05831282826609231
Bat,19,"{""num_samples"": 667, ""num_features"": 8, ""kernel_width"": 0.5552057508209024}",0.08011108953371493
Bat,19,"{""num_samples"": 504, ""num_features"": 9, ""kernel_width"": 0.49846788261256547}",0.05627068605805388
Bat,19,"{""num_samples"": 379, ""num_features"": 9, ""kernel_width"": 0.26193763141874793}",-0.02732125120917995
Bat,19,"{""num_samples"": 642, ""num_features"": 10, ""kernel_width"": 0.35003224791617327}",0.011789163764893919
Bat,19,"{""num_samples"": 201, ""num_features"": 11, ""kernel_width"": 0.1}",-0.028647914791335008
Bat,19,"{""num_samples"": 200, ""num_features"": 7, ""kernel_width"": 0.7383242677534753}",0.10877715658760326
Bat,19,"{""num_samples"": 362, ""num_features"": 7, ""kernel_width"": 0.6729363789836676}",0.10727645328106111
Bat,19,"{""num_samples"": 800, ""num_features"": 7, ""kernel_width"": 0.49647313060607634}",0.07779634766503513
Bat,19,"{""num_samples"": 416, ""num_features"": 3, ""kernel_width"": 0.5889511346593543}",0.13965225634760747
Bat,19,"{""num_samples"": 800, ""num_features"": 12, ""kernel_width"": 0.1}",-0.06451897608382523
Bat,19,"{""num_samples"": 800, ""num_features"": 3, ""kernel_width"": 0.3878581707648503}",0.10600390821046575
Bat,19,"{""num_samples"": 716, ""num_features"": 8, ""kernel_width"": 0.36656244392028736}",0.030746901647669397
